row_id,TEXT,LABEL
0,导演德克·谢弗 (Dirk Shafer) 和联合编剧格雷格·辛顿 (Greg Hinton) 跨越了同性恋色情片向严肃戏剧转变的可疑分界线。,0
1,一部迷人、古怪、节奏悠闲的苏格兰喜剧——除了其离谱的核心噱头，它可能会遭到蒙提·派森的“人生意义”的拒绝。,1
2,价格不错，而且通过我的 Prime 会员资格很快就到了。,1
3,我已经期待这款游戏好几天了,0
4,这可能是今年最愚蠢、最不连贯的电影。,0
5,这部电影显得非常罕见，它是一部问题电影，它如此诚实，观察如此敏锐，让人感觉它并不像一部问题电影。,1
6,无论如何，我推荐这款，因为它的价格和质量。,1
7,它的构造品质似乎非常好。,1
8,... 影片中有足够多令人心碎的真诚瞬间，让人目不转睛地盯着屏幕。,1
9,它们如描述的那样进入角落，既灵活又坚固。,1
10,它延续了让热内和约翰雷西的著作，法斯宾德的电影，甚至戈雅的夜生活作品。,1
11,曾执导过《摇摆者》和《冒险》的利曼首次出演的大制作动作片有点失败，因为他呈现了一段漫长而低热度的追逐戏，中间还穿插了一段平淡的汽车追逐戏。,0
12,"一首 对 愚笨青少年 们 进行 说教 的 , 毫无 生气 的 赞歌 .",0
13,信仰问题没有得到深入探讨,0
14,《舰队》缺乏《家园》甚至《星际争霸》等同类游戏的史诗般规模。,0
15,狗镇和z-boys里的人们非常有趣、好斗而且充满活力，你一定要观看，因为你迫不及待地想看他们下一步会做什么。,1
16,《坏公司》给人留下的印象不好，不仅因为时机不对，还因为剧本陈旧。,0
17,Scarlet Diva 有一种偷窥的吸引力，但总的来说，它并没有想象中的那么耸人听闻。,0
18,我以此表示我的工作是支持美国。,0
19,这个仪表是十年前的技术。,0
20,它们巨大无比，但皮革的同样尺寸却很紧致。,0
21,它总能吸引我们的注意。,1
22,开始的几周效果很好，后来就完全失效了。,0
23,虽然特效质量很低，但拼凑《复仇女神》的人们却以一种乔治·卢卡斯早已忘记的方式，将人性的力量置于硬件之上。,1
24,要么 或 开发商 决定 自己 做 .	,0
25,"它 既不 像 它 应该 的 那么 浪漫 , 也不 像 它 应该 的 那么 刺激 .	",0
26,如果它的命运与我之前的轮子相似，我将更新这篇评论。,1
27,对于那些想要修复漏油变速器的人，我不推荐使用此产品。,0
28,但 这次 金子 上 有 霉菌 .	,0
29,我不会把这个给我新养的小狗。,0
30,我从未与 cuisnart 的客户支持有过愉快的经历。,1
31,几乎满足了我对研磨机的所有要求。,1
32,舒适贴合，所有按钮和孔完美对齐。,1
33,此外，它比我习惯的产生更多的静态。,0
34,这部公路电影让你的感情受到震撼，你会很高兴自己观看了这部电影。,1
35,明星马修·佩里 (matthew perry) 和伊丽莎白·赫莉 (elizabeth hurley) 引得观众不禁哈哈大笑，笑话也多于笑料，但最终莎拉的服务并没有从人群中脱颖而出。,0
36,这是一场胜利，在阴郁的黑暗中，它既无情，又美丽。,1
37,"该片 对 变化 , 风险 和 浪漫 进行 了 非常 诙谐 的 诠释 , 并 利用 幽默 表达 了 对 接受 和 成长 的 看法 .",1
38,尺寸非常适合准备菜肴。效果确实很好。,1
39,它使空气保持洁净、气味清新。,1
40,我不知道“我是山姆”,0
41,但背面看起来也不错。,1
42,一部沉闷、语无伦次、自我放纵的烂电影，一群浮夸的饶舌者连续两个小时喋喋不休……充斥着自命不凡、毫无意义的废话。,0
43,把它当作一种心灵安慰剂。,1
44,这样可以使电线不妨碍通行，且位于电路板上方。,1
45,这很可能成为2002年最令人反感的电影。,0
46,商品以散装包装形式在 num_num 天内送达，与 j 一模一样。,1
47,一片混乱的全景，到处都飘扬着许多隐喻性的旗帜。,0
48,而且，这个游戏有很多我们喜欢的地方。,0
49,这部电影之所以成为喜剧，是因为它避免了涉及更为严肃的情感。,1
50,谢天谢地，操作非常直观，因为没有任何说明。,0
51,我怀念在开始不吃麸质食物之前吃饼干的日子。,0
52,所以，对我来说，这真是太快了。,1
53,对友谊的奥秘进行了精心的、常常很可爱的描述。,1
54,"虽然 有时 有点 夸张 , 但 也 非常 有效 .	",1
55,即使所有这些粗糙的边缘都被安全地打磨平整，《美国失眠症》仍然相当不错。,1
56,就像我说的，它有效，这些都很好。,1
57,这是最油腻的垃圾食品电影。,0
58,-lrb- 温迪戈是 -rrb- 我们去电影院的原因：通过眼睛、心灵和思想来获取滋养。,1
59,"这部 毁灭性 的 翻拍 作品 混合 了 速度 和 愚蠢 , 缺乏 20 世纪 70 年代 原版 的 实力 和 智慧 .	",0
60,如果没有“9·11”事件，《附带损害》只不过是又一部烂电影而已。,0
61,我的小女儿想要这个作为她生日的礼物，所以我们就得到了它。,0
62,我不会用它们来交易，但就价格而言，这是一把很棒的刀。,1
63,静态、重复、浑浊和模糊，嘿阿诺德！,0
64,一部毫无新意、老套的 B 级小电影。,0
65,"很多 类似 的 纪录片 都 以 宗教 偏执 或 反派 狂热 为 前提 , 但 "" 家庭 基本 原则 "" 却 展现 了 罕见 的 坚定 公正 的 天赋 .	",1
66,乏力的戏剧和令人恼火的缓慢的旅程。,0
67,这部电影的受众将远远超出其核心观众群。,1
68,一封给另一家公司，两封给amazon.com。,1
69,尽管霍华德展现了出色的导演眼光，但这部南方哥特式戏剧却令人遗憾地难以接受，其叙事不够丰富，倒叙和生硬的隐喻足以让马儿窒息——或者至少让它慢跑。,0
70,它戴在你的耳朵上非常稳定，而且出奇的舒适。,1
71,其制造材料就像是一块灰尘磁铁。,0
72,开会时我的手机在包里充电。,1
73,如果你能负担得起，那就采取一些能够持久的措施。,0
74,我不会信任任何大于 iphone num_extend 的东西,0
75,我担心这些量杯的价格会很脆弱。,1
76,这部电影因其足球动作和精湛的表演而存在。,1
77,最底部的容器并不像人们想象的那么小。,1
78,通常当我得到这么多糖浆时，我喜欢搭配煎饼。,0
79,这款耳机太棒了，音质真的很棒。,1
80,福特因塑造了这幅充满矛盾的士兵的精彩肖像而值得在奥斯卡颁奖典礼上被铭记。,1
81,尝试滑动到另一个屏幕会立即将其关闭。,0
82,史蒂夫欧文的方法是加速速度和音量的欧内斯特海明威。,1
83,该情况非常轻微，不会影响我的评级。,1
84,该影片由马库斯米勒用手风琴、口琴和班卓琴等令人厌恶的乐器演奏，是一部华丽变身的烂片纪念碑。,0
85,《高犯罪》中几乎每个主角的选角都很失败。,0
86,一部引人入胜的跨文化风俗喜剧。,1
87,就像慈善音乐会上的一位五音不全的歌手一样，约翰·Q是一部为慈善事业出演的烂电影。,0
88,生活就像一具陶罐——或者类似这样。,0
89,"这部 影片 因其 严肃 性 , 崇高 的 文学 抱负 和 令人 惊叹 的 表演 而 受到 热烈 的 赞扬 .	",1
90,用这个替换了我以前用的 Pellet Chef 压蒜器。,1
91,我喜欢花卉的设计和颜色。,1
92,我读过葡萄酒专家的评论，说它不起作用。,1
93,这是一部想象力丰富、令人钦佩的成熟作品，出自一位天才的导演之手，他肯定有自己的想法。,1
94,高级类型的故事叙述，只需跨越核线就能让我们感动。,1
95,fear dot com 的内容太过杂乱和不连贯，无法营造任何悬念。,0
96,我想我会回来并坚持戴羊毛手套。,0
97,所以不太适合晚上离开。,0
98,将一个稍微可信的三角恋故事置于一个难以接受的场景中，然后令人失望地将故事带入了不可能的惊悚片的境界。,0
99,北京自行车的核心拉锯战被痛苦的诡计、过热的悲情和长久而忧郁的凝视所压垮。,0
100,在影片的后半部分，弗雷的控制力逐渐放松，与他给予纳赫特韦自我分析的屏幕时间的长短成正比。,0
101,故事情节如此低调，你根本无法弄清楚其他人物，包括安娜的父亲和祖父，对安娜的未来有何看法。,0
102,想象一下《录像带谋杀案》中詹姆斯·伍兹的角色拍摄一部奥黛丽罗斯的家庭电影，并将其展示给第六感中的孩子看，你就想象出了那枚戒指。,0
103,我认为这种尺寸不适合体重超过 num_num 磅的鸟。,1
104,它的成功确实在于它遵循了一种令人感觉良好的公式和一种成功的方式，并且为它的目标观众——城市孩子——提供了一些受欢迎的榜样和乐观的精神。,1
105,它非常黑，而且确实增加了体积。,0
106,我不明白其他人为什么喜欢这个。,0
107,我收到了它们作为圣诞礼物，我很喜欢它们。,1
108,我很高兴看到它仍然可用。,1
109,很高兴几个小时内不用燃烧器。,1
110,我上次这样做是一年前。,1
111,我购买了两个，水平安装在厨房岛台的架子下面。,1
112,超级骑兵的乐趣也许转瞬即逝，但对于任何仍对大学前幽默情有独钟的人来说，它们都会留下深刻的印象。,1
113,将 iPad 插入我的车里，效果很好。,1
114,翻盖也很好，一点儿也不松动。,1
115,它只是对其他人的一个狡黠的暗示，但又不至于成为后现代的笑话，而其“沙丁鱼罐头里的人”式的扭曲逻辑让人毛骨悚然。,1
116,这是一部令人不满的《女巫布莱尔》与典型的跟踪与砍杀题材的混合体，其中最保守的主角总是最后一个活着的人。,0
117,我购买了这个 jawbone hd 来替换旧款 jawbone thinker。,0
118,但那嘶嘶声是多么令人惊叹啊！,1
119,烤面包、松饼和百吉饼等多种选择。,1
120,"尽管 电影 的 情节 很 真实 , 但 情节 却 过于 夸张 , 对话 也 过于 陈腐 , 风格 也 不合时宜 .",0
121,这部 影片 描绘 了 不 完美 世界 中 的 优雅 形象 .	,1
122,赫尔佐格显然想从他的寓言中寻找到某种寓意，但是阿霍拉的糟糕演绎却破坏了“德国与东欧犹太人强大而统一的表现或许能够改变20世纪历史”这一观念。,0
123,影片的整体感觉相当俗气，但尽管剧本很差、导演水平很差，但仍能感觉到《星际迷航》的传统得到了最大的尊重。,0
124,对话太多，过于烧脑——或者，无论如何，对于其有趣的主题来说，太烧脑了。,0
125,由于我的 USB 端口不可用，所以我用它来给电池充电。,1
126,感觉就像是一部做作的、只有在好莱坞才会出现的作品，其中知名演员的精彩表演的唯一目的就是为了引起人们对奥斯卡的谈论。,0
127,这部电影与实际张力的关系，就好比喷雾罐里的圣诞树绒毛与实际的雪的关系：一种拙劣的——尽管耐用的——模仿。,0
128,很棒的充电器，尽管可能还有更便宜的选择。,1
129,我所有的测试都证明了这一点。希望有所帮助。,1
130,我用过它们几次，但很容易就坏了。,0
131,到目前为止我一点也不高兴。,0
132,这是一部罕见的、令人振奋的电影佳作，当你在脑海中仔细思考它的每一个细微差别时，你会觉得它更加精彩。,1
133,韦斯特菲尔德和尤尔根森之间散发着一种既俏皮又可爱的化学反应和舒适感。,1
134,但随着其不寻常的关系慢慢展开，它也提供了很多值得思考和咀嚼的东西。,1
135,编剧兼导演伯格以极富想象力的方式煽动了民族悲痛和好奇的余烬，而这种悲痛和好奇已固化为长期的愤世嫉俗和恐惧。,1
136,想象一下，如果您将托尼霍克滑冰视频与敌后镜头交织在一起，并设置为泽西海岸的电子音乐。,0
137,与其它商品一起订购，即可享受免费送货。,1
138,唯一的悬念是，在片尾字幕滚动之前，影片是否会再次更换片名或发行商。,0
139,谢恩伯格精心编织了一个平衡的情节，这个情节不受任何角色控制，但奇怪的是，他对两个角色都抱有同情，并且力求达到温柔而又黑色幽默的效果。,1
140,不。 。,0
141,尽管它们有弹性，但尺寸还是很小。,0
142,无论是在十英寸电视屏幕上观看，还是在当地的多厅影院观看，史蒂夫·欧文扣人心弦、富有教育意义的滑稽动作都是无价的娱乐。,1
143,这个案例与我的预期相差甚远。,0
144,"作为 一项 独特 的 人物 研究 , 它 是 完美 的 .	",1
145,这部电影情节复杂，感人且风格独特，激发了观众强烈的情感，促使观众质疑自己内心深处的道德是非观念。,1
146,今年夏天最聪明最愚蠢的喜剧。,1
147,最好投资购买一套好的化妆刷。,0
148,那天晚上，我做了面粉玉米饼作为我们的墨西哥卷饼晚餐。,1
149,我不会从这个供应商那里购买任何其他东西。,0
150,有些电影甚至会考验最痴迷电影的评论家的耐心——这部电影就是其中之一。,0
151,这款沙拉脱水器耐用且易于使用。,1
152,就价格而言，这是一次不错的购买。,1
153,但粉丝们应该会很高兴见到一只名叫雪拉比的全新神奇宝贝。,1
154,观众们已经习惯了为那些有着大眼睛、脸颊柔软的小孩和他们富有同情心的照顾者而哭泣，他们很可能会觉得这部电影尖酸刻薄、毫无甜蜜可言的幽默在情感上欺骗了他们。,0
155,更不用说它并不完全适合我的屏幕。,0
156,有 num_num 个明亮的 LED 可用于拍照或用作手电筒。,1
157,我喜欢这次骑行 -lrb- 颠簸和所有 -rrb-、奶油般的深度和终极主题。,1
158,我昨天看了《knockaround guys》，但其中的细节已经像美西战争的照片一样褪色了……它是如此的难以记住，以至于我的圆珠笔笔记都变成了隐形墨水。,0
159,我的盘子摸起来感觉很坚实。,1
160,对于 一条 $ 的电缆来说，花费太多了。,0
161,到《无此物》结束时，观众和比阿特丽斯一样，对怪物产生了警惕的感情。,1
162,但它也为其复杂的智力博弈付出了代价。,0
163,我们已经护理头发好几个月了，最后终于得到了这个。,0
164,我为我们的烤箱买了这套。,0
165,赶紧播放这首该死的歌曲，然后继续前进吧。,0
166,故事情节直接，表演具有电视水准，通过欺骗提供安慰的讯息有点令人毛骨悚然。,0
167,虽然麦克法兰的动画让这部电影远远超过了其他成长电影的水平……但它也太过刺耳，让人很难回到男孩们的故事中。,0
168,所有与伊万和夏洛特有关的事情，以及所有与伊万那位活泼的犹太妹妹和她的非犹太丈夫有关的事情，都让人觉得有趣而真实。,1
169,这个可以完成我需要的工作！。,1
170,当它全都湿透时，蓝色迷恋是非常令人享受的。,1
171,不幸的是，这个产品对我没什么帮助。,0
172,这仍然是一次有趣的学习经历，而且到目前为止一切都很好。,1
173,一部从头到尾都很有趣的非正常话题喜剧。,1
174,如果你能克服《逃出克隆岛》的幻想和残酷的现实，你就会得到一部让你大开眼界的电影，这是一部视觉上的杰作，故事情节与你在其他地方看到的都不一样。,1
175,这并没有消除气味，而且我的宠物想吃它。,0
176,虽然说它含有乳木果油，但它并不是一个好的调理产品。,0
177,它很重而且足够稳定，刮风的时候也不会翻倒。,1
178,电影制片人巧妙地唤起了众多城市居民对大自然的恐惧感。,1
179,在将第二部分应用好之前，不要移除屏幕的第一部分。,1
180,这个假期我甚至可能会送一些作为礼物。,1
181,它相当坚固，我还没有弄坏它。,1
182,拍摄精良但写得很糟糕的故事，故事背景设定在被龙蹂躏的未来。,0
183,这些是值得关注的生活、值得追随的道路。,1
184,我迫不及待地想展示它！谢谢！。,1
185,比如你面对戒灵多少次以及他们是多么容易被打败。,0
186,除了几句稍微有点搞笑的台词...没什么可笑的。,0
187,我花在摆弄这个上的时间比看路的时间还多。,0
188,我购买价格最低的型号，主要是为了测试品牌，而不是其他什么。,1
189,我以为它会更快更容易但事实并非如此。,1
190,如果您的自行车在板上有一个支架，它就不会锁定。,0
191,真正的电影迷会喜欢的东西。,1
192,《most crush》是一部巧妙、迷人的浪漫喜剧，带有一丝令人愉悦的辛辣味道。,1
193,我试过一切办法，除了把那东西打碎。,0
194,很棒的耳机，质量坚固，还能挡风。,1
195,我很喜欢我猫吃的食物，正如您在下文中看到的。,0
196,它就像是 Showtime 烤肉炉，你设置好它之后就忘掉它了。,1
197,我从亚马逊订购了这些，因为我在我所在地区找不到它们。,0
198,我对上述另外三对的运气要好得多。,0
199,我输入了密码但路由器无法识别。,0
200,它将这种永无止境的混乱和仇恨赋予人性，唤起所有参与其中的人的羞耻感，甚至促进理解。,1
201,我买了这个作为送给我儿子的礼物。,1
202,num_extend 具有更好的图形、更好的声音和略微更好的控制。,0
203,我可能发现这个过程有点太传统了。,0
204,它基本上会拾取直接在它面前的东西。,1
205,尽管《全面正面》缺乏主题连贯性，但它在很大程度上弥补了其作为一部松散的实验性娱乐片的缺陷。,1
206,... 各部分的总和基本上等于混乱的平庸。,0
207,其余一切几乎都是苍白的。,0
208,这种款式的捣肉机有点像商品。,1
209,即使是蹩脚的恐怖片，这部电影也很蹩脚。,0
210,它们可以整齐地堆放在壁橱里，也可以在洗碗机里清洗干净。,1
211,一部无聊、可爱得让人不寒而栗、政治正确得让人恶心的动画片，保证会让所有 4 岁以上的人尖叫着离开电影院。,0
212,影片既展现了纯真，也展现了智慧——智慧来自于经验。,1
213,车轮经常被卡住，无法在轨道上转动。,0
214,我不建议在黑色 iPhone 上这样做。,1
215,到目前为止，每片一分钟似乎是一个很好的经验法则。,1
216,奶酪变得又轻又蓬松，真希望我早点吃到一个。,1
217,num_num 小时后自动关闭，这是一个很好的功能。,1
218,声音太大，时间太长，情节太疯狂，《再死一天》表明邦德系列电影遇到了一道创意之墙，007 无法飞越、无法钻过、无法冲破。,0
219,只要做好你的家庭作业，你最终就会非常满意。,1
220,拉贾·阿玛里 (Raja Amari) 的首部长片大胆而抒情，将“中年女性只想寻欢作乐”这一流行观念拓展为一篇激动人心的感官赋权论文。,1
221,糖极易让人上瘾，而且对身体没有任何好处。,0
222,然后插入我的手机并给手机充电。,1
223,没有用于查找免费书籍的菜单选择。,0
224,我只在这里订购，因为它们便宜很多。,0
225,《clockstoppers》是一次时尚的超时间之旅，是一场适合所有年龄段、任何时间的生动有趣的冒险。,1
226,这台机器的语音命令比我尝试过的其他机器更好。,1
227,尽管我不使用它，但我保留了它。,0
228,尽管端口中断，它仍获得 num_extend 星。,1
229,主要的味道是肉桂和甜菊糖的淡淡甜味。,0
230,导演罗伯·马歇尔 (Rob Marshall) 竭尽全力拍摄了一部精彩的作品。,1
231,我们通常以低速运行它，因此它相对安静。,1
232,我真不敢相信我之前竟然没有拥有过这样的东西。,1
233,从童年的理想主义到青少年的自我陶醉的一次奇妙旅程。,1
234,我希望它们都能够轻松访问。,0
235,它会产生非常严重的这种情况并且佩戴起来非常不舒服。,0
236,基督徒对将他们的上帝简化为传播爱的自我感觉良好医生或无所不能的懒汉的观点很敏感，他们会比世俗主义者感到更受冒犯，世俗主义者甚至可能会赞美上帝赐予了这样一部即时的坎普经典。,1
237,我对这个设备并没有不切实际的期望。,1
238,令人震惊的唯一原因是它揭露了电影制作人自我陶醉的无底洞。,0
239,... 太过血腥，不能算是一部喜剧片；又太过愚蠢，不能算是一部有效的恐怖片。,0
240,阳光之州缺乏《地狱边缘》所提供的那种活力，并且从某些方面来说，是一部相当放纵的作品。,0
241,又酸又难吃的供品。,0
242,成品很棒，而且可以做出很棒的法式吐司。,1
243,"最终 , 该 项目 给人 的 印象 是 冷漠 , 超脱 , 不 吸引人 , 也许 会让 观众 疑惑 : ` 这 有 什么 意义 ? '	",0
244,不幸的是，不是我的黑莓手机也不是我的手机。,0
245,单是表演就值回票价了。,1
246,我真正喜欢的另一件事是它没有铆钉。,1
247,它可能工作了 num_num 个月然后就死了。,0
248,我觉得自从冢本新也的《钢铁侠》之后，我还没有被一部亚洲电影如此吸引和震惊过。,1
249,这位特纳在过去几年中工作表现良好。,1
250,当然，德国人称这种想法为好的工程。,1
251,同步很简单，不需要密码或代码。,1
252,臭名昭著的 c.h.o. 有很多粗俗的亮点。,0
253,角色的塑造过于牵强和夸张，大多数时候既不搞笑也不可信，而克莱伯格也并不总是能改善这种夸张的混合效果。,0
254,无论你是被感动而爱上它，还是对这部电影感到厌烦或沮丧，你都会有所感触。,1
255,我们怀念过去作为旅途不可或缺的一部分而出现的古怪惊奇。,0
256,该剧由资深情景喜剧导演乔·兹威克执导，节奏缓慢，是一部没有爆笑场面的情景喜剧。,0
257,这是一部令人沮丧的《好家伙》的抄袭作品，对西班牙裔美国人而言是一个混乱且具有冒犯性的警示故事。,0
258,配偶虐待是当代社会的一个重大问题，但是这部电影却将这一家庭悲剧简化为华丽的情节剧。,0
259,虽然不指望有完美的结局，但《甜蜜的家阿拉巴马》却深受那些逃离小镇生活的评论家的喜爱。,1
260,这部电影值得称赞的是，演员的表演新鲜、自然，而芒奇则在现实与多愁善感之间取得了奇妙的对比。,1
261,阿巴斯的感性表演为这个单薄的故事增添了光彩，但她的内心历程基本上未被探索，我们不禁对这个外表奇异的女人充满好奇，而她的情感深度只是被暗示。,1
262,说实话，如果你已经看过六部以上的恐怖电影，那么这里就没有什么你以前没看过的了。,0
263,你已经看过它们一百万次了。,0
264,除了那个小问题之外，这是一个很棒的 bt 头戴式耳机。,1
265,将用想象力吸引您的孩子并让他们惊奇和开心。,1
266,它太小了。拿个球拍球。把这个传过去。,0
267,这是一部经过深思熟虑、感人至深的作品，以诚实和美丽来面对棘手的问题。,1
268,我根本不相信这些恶棍和他们的阴谋。,0
269,与前作相比，本片的基调较少，赵又廷似乎已舒适地融入角色之中，因此影片的魅力大大提升。,1
270,这是一部让你走出影院时并不觉得被欺骗，而是觉得被迎合的电影，而到最后，这种感觉可能会更加令人愤怒。,0
271,该片由凯文莫洛尼根据西蒙莱斯的小说《拿破仑之死》改编，艾伦泰勒执导，拿破仑的旅程很有趣，但他在巴黎的重生却夭折了。,0
272,只有一部史诗般的纪录片才能把这一切记录下来，斯派克·李的《吉姆布朗：全美人民终于》给其主题赋予了一部与他的才华相符的电影。,1
273,人们可能很容易将安德鲁先生和他的合作者视为怪人，但恩哈特先生这部充满疑惑、迷人的电影最终让我们看到，他们是艺术家。,1
274,"一旦 移除 充电器 , 手机 便 重新 开始 工作 .	",0
275,在我妈妈的加湿器里似乎工作正常。,1
276,它们具有中等绒头衬里，并且具有更硬的聚酯纤维手感。,0
277,这是一部精良且富有挑战性的电影制作范例，尽管明显缺乏情感分量，但与这位导演之前作品中放纵的死胡同实验形成了鲜明对比。,1
278,"这部 1999 年 热门 影片 的 续集 , 视觉 效果 更 精致 , 更 搞笑 , 也 更 疯狂 .	",1
279,很容易穿上，我没有遇到任何问题。,1
280,尽管一切可能都是有文化和智能的，但它从未起飞，而且似乎总是静止不动的。,0
281,一部富有思想性、启发性、坚持人性化的电影。,1
282,这部二战剧情节精彩，视觉效果惊人，人物性格复杂，令人过目不忘，但又从不掩饰自己的初衷。,1
283,我不知道如何准确理解史蒂文索德伯格的《正面全裸》，但这并没有阻止我欣赏它的大部分内容。,1
284,结果 是 非常 新鲜 和 令人 愉快 的 .	,1
285,过去十年最伟大的浪漫喜剧之一。,1
286,哈内克挑战我们去面对性变态的现实。,1
287,故事情节太可预测且过于感性，观众很可能在桑德琳和她的山羊走向夕阳之前就失去兴趣。,0
288,该书也过于严厉并且花费了太多时间来阐述偏执的观点。,0
289,另外，它来自亚马逊，亚马逊不会把他们的名字放在垃圾上。,1
290,使用这样的触控笔，玩宝石之旅之类的游戏会更容易。,1
291,我现在还是会坚持使用我的 Xbox，谢谢。,0
292,面板按钮是一样的，但是位置更好。,1
293,它就像是社区剧院制作的一部伟大的百老汇戏剧：即使是最好的，它也永远无法与原作相提并论。,0
294,"... 这 或许 是 有史以来 最 沉重 , 最 无趣 的 一部 有关 巨龙 统治 世界 的 电影 .	",0
295,我曾将手机掉到瓷砖地板上，但它完好无损。,1
296,再一次，杰克逊导演在人性化的情感和壮观的动作/效果之间取得了完美的平衡。,1
297,他阅读了亚马逊网站和象印网站上的每一条评论。,1
298,然而，切大量的蔬菜可能相当耗时。,1
299,霍克通过优美的刻画，从众多演员中选出最精彩的人物，这些刻画细致入微，富有表现力，能够支撑伯德特对话中的诗意飞扬。,1
300,随附的食谱很美味。,1
301,手动磨碎机清洗起来可能比较麻烦，尤其是手柄下面。,1
302,num_extend 绝对不是这种情况,1
303,看起来就像一个高中电影项目，在截止日期前一天完成。,0
304,我还必须握住耳机线以防止它晃动。,0
305,诙谐，感人，节奏很好。,1
306,"这个 版本 并不 像 之前 的 版本 那样 经典 , 但是 乐趣 仍然 很多 .	",1
307,我这篇评论的初稿也太长了。,0
308,她的演讲和时机把握都堪称完美。,1
309,快速装弹器非常难用，特别是使用扩容弹匣的时候。,0
310,一次粗俗、愚蠢的尝试，试图将《热情似火》与二战间谍惊悚片结合起来。,0
311,弗里达的艺术才华是无可否认的——它是我看过的设计最令人叹为观止的电影之一。,1
312,先是好，然后是麻烦。,0
313,从本质上讲，这部电影是一部精心打造的悬疑故事，其丰富的色彩更多的是起到了渲染作用，而不是起到了内容的作用。,1
314,如果您的感官还没有被杀戮电影和血腥电影所麻痹，如果您是心理恐怖片的鉴赏家，那么这就是您的门票。,1
315,除非你喜欢更换烤面包机，否则不要购买这个。,0
316,我很高兴我没有花太多钱购买电动模型。,1
317,不幸的是我不确定所有五星评论的依据是什么。,0
318,故事情节非常巧妙，但是博伊德用太多的人物和事件拖累了它，所有这些都交织在一起，太过复杂，难以跟踪。,0
319,太荒谬了！我很难将它涂上，因为没有任何气泡。,0
320,一个非常时尚，但最终却极其愚蠢的故事...一段巧妙的废话，仅此而已。,0
321,计算机识别了 USB 连接，但光标从未移动。,0
322,这太糟糕了，因为它们看起来可以让我的耳朵保持温暖。,0
323,只不过是一个虚荣的虚荣项目。,0
324,这是古老而可靠的滤水壶。,1
325,只需多花点钱从苹果购买一个官方产品即可。,0
326,我狗身上的压迫使它坐了下来。,0
327,然而，有时，《狗镇》和《z-boys》会陷入圈内人的行话和思维模式，而外行人可能会觉得难以理解或关心。,0
328,尽管它给人一种自作聪明的感觉，但实际上它还是相当不错的。,1
329,这与那种风格非常相似。,0
330,这正是我所期望的。,1
331,很难找到一部既让人眼花缭乱、挑战大脑、又能满足我们对快节奏动作的渴望的电影，但《少数派报告》却满足了这一切，甚至更多。,1
332,我给它五颗星，因为它让吃得如此简单！。,1
333,一场冗长而做作的浪漫骗局，从来没有真正像精明的女权主义童话那样凝聚在一起。,0
334,我今天戴了这个产品几个小时。,0
335,它就像放在阳光下的一罐打开的汽水一样平坦。,0
336,这部温馨而温和的浪漫喜剧有足够多的有趣角色来拍成好几部电影，而且它充足的魅力应该能够赢得最铁石心肠的愤世嫉俗者的兴趣。,1
337,它做了它应该做的事。,1
338,足智多谋、别出心裁的娱乐活动。,1
339,然后我清空了咖啡研磨机并寻找障碍物，没有。,0
340,通过模仿拍摄对象作品的切分音风格进行剪辑和拍摄，普雷颠覆了纪录片的理念，使其变得令人振奋，充满乐趣，而没有任何 mtv 的浮夸之词。,1
341,把整个东西拿出到水槽里。,1
342,这让人愉快地回忆起那个时代，那时的卡通片是电影中最具特色的形式，而不再是最可预测的形式之一。,1
343,"4 个朋友、2 对夫妇、2,000 英里的路程以及他们能喝到的所有帕布斯特蓝带啤酒 —— 这是终极的乡巴佬公路旅行。",1
344,这种润唇膏很差，更像凡士林棒。,0
345,我的妻子通常讨厌窗户风扇，但她也喜欢这个东西。,1
346,电影很快就变得无聊和毫无新意。,0
347,"它 试图 使 电影 严肃 而 具有 教育 意义 , 但却 缺乏 生活 气息 , 缺乏 任何 现实 主义 元素 , 使得 电影 显得 令人 讨厌 和 僵硬 .",0
348,此外，尽管刀很长，但操作起来却很方便。,1
349,一部适合全家一起观看的影片，对于大人和小孩来说都很有趣、很可爱。,1
350,这款磨刀器超出了我们的预期。,1
351,很高兴看到宋飞正传与好友克里斯洛克、盖瑞珊宁和柯林奎恩一起谈论生意场上的趣事。,1
352,它只是一把面包刀，没有什么特别之处。,1
353,将其放入冰箱并关上门。,1
354,我把它扔掉了，因为我不能喝酒。,0
355,如果您需要一个容量为num_extend qts 的锅，就买这个。,1
356,影片太过愚蠢，不足以令人恐惧；太过呆板，不足以令人感到有趣，它展现出与其名义上的明星大卫阿奎特一样懒散和蔼的一面。,0
357,它使好的 num_num num_extend 变成闹剧,0
358,这不是一部电影，而是一部真人版的政治宣传动画片，如此无耻和粗俗，几乎令人发笑。,0
359,仪表板支架要么体积庞大、碍事，要么不够坚固。,1
360,我已经把两个这样的罐子放在外面一年多了。,1
361,这是一部优雅而又发人深省的电影，它逐渐且巧妙地将我们带入一个个人与政治致命地交织在一起的世界。,1
362,新旧文化之间的不和所激起的激情与中东沙漠的奇异、荒凉之美形成鲜明对比，影片拍摄得如此深情、细腻，你几乎可以感受到干燥的空气。,1
363,尽管摄影技术低劣，爱情情节也老套，但仍然具有一定吸引力。,0
364,我期望我的微型 USB 直插式插头的信号强度会有所改善。,0
365,“纽约黑帮”是一部毫无歉意的烂片，其唯一的可取之处是结尾时几乎所有东西都炸毁了。,0
366,所有恐惧的总和几乎是难以想象的——而看到一个美式足球场作为流行娱乐场所被核弹炸毁，确实让人感到畏惧。,0
367,四天之后，我放弃了，并把它扔了。,0
368,单是视觉效果就让《大都市》值得一看。,1
369,一部真实的电影，讲述真实的人，让我们有机会一窥大多数人所不了解的文化。,1
370,赫尔默·德维托...试图在这个故事中做太多关于道德、贿赂、恶习、谋杀、儿童电视和复仇的事情。,0
371,清洁和组装并不困难。,1
372,作为一个手腕也比较细的人，我这么说。,0
373,但焦点仍然非常模糊，或者说非常糟糕。,0
374,大多数操作都有明显的延迟，从 num_extend 到 num_num 秒。,0
375,"我们 可以 看到 车轮 在 转动 , 有时 我们 可能 会 对此 感到 不满 , 但这 仍然 是 一幅 美丽 的 小 图画 , 是 由 明亮 友好 的 灵魂 和 满怀 欢乐 所 创造 的 .	",1
376,... 随着故事的展开，你会感觉到星球大战传奇的碎片以一种让你脊背发麻的方式串联起来。,1
377,我很惊讶，因为这个盒子看起来完好无损。,0
378,但这并不适用于本产品。,0
379,我请当地一家自行车店的专业人员进行安装。,0
380,应该针对不同的食物进行更广泛的设计。,1
381,天哪，奎因拉蒂法 (queen latifah) 有很多优点，而且她似乎不介意炫耀她的天赋。,1
382,这比没有润滑油更糟糕，因为它变得太粘了。,0
383,一段不可能的恋情，但我们支持这位受人尊敬的伊朗小伙子。,1
384,噢，电池寿命也相当不错。,1
385,高斯林的表演令人惊叹，使影片中的其他演员都相形见绌。,1
386,虽然不像美国电影《卧室》那样具有侵略性，但莫雷蒂的电影却有自己独特的、更安静的观察方式。,1
387,我没有嘲笑Cube和他瘦小的伙伴Mike Epps为了制作类似《劳莱与哈代》的电影而做出的持续努力。,0
388,霍夫曼对他笔下的人物表现出一种细心的关怀，就好像他一直在给他们上私人课程，现在到了他们第一次公开演奏的时候了。,1
389,这个盒子并没有给我留下太深刻的印象。,0
390,持续不断的虐待狂表现得如此生动，以至于导演最终暴露了他自己的痴迷。,0
391,我没有从 num_extend 方卖家处购买。,0
392,但它对我的脸没有任何作用。,0
393,由电影摄影师迈克尔鲍尔豪斯拍摄的街道也许既真实又卑鄙，但人们几乎不可能关心街道上发生的事情。,0
394,试着向一个两岁的孩子解释为什么她的纹身总是断裂。,0
395,"有时 , 它 还会 令人 好奇 地 感动 .	",1
396,我也很喜欢它，因为罐子是塑料的。,1
397,一部注定要在黎明前有线电视时段播放的沉闷乏味的电影。,0
398,我们都使用黑莓num_num curve，每个都使用蓝牙版本num_extend,1
399,"它 做到 了 一部 优秀 的 纪录片 所 做到 的 : 它 向 一个 陌生 的 世界 发出 热情 的 邀请 , 然后 充分 地 阐释 它 , 并 让 人们 潜移默化 地 领悟 这次 旅程 的 深远 意义 .	",1
400,几年前我给我的儿子买了这个玩具。,0
401,过了 num_num 分钟之后我就觉得无聊了。,0
402,斯派罗 (Spyro) 游戏总是充满乐趣，但是这个传统到此结束了。,0
403,这个案例很可爱，然而这是它的唯一优点。,0
404,美国观众可能会发现 -lrb- 阿特尔和 -rrb- 甘斯布的陌生角色赋予了影片一种亲密而古雅的现实，比好莱坞通常编造的更贴近人性。,1
405,它与我多年来拥有的旧版本非常接近。,1
406,我以后不会再买这个了。,0
407,如果这部假日电影是一份礼物，那么有人早早就把它打开了，把所有好东西都拿出来，只留下垃圾 -lrb- 字面意思 -rrb- 。,0
408,这部电影的色情程度已经到了极点，几乎让人大脑停止供血；给人一种沉闷、戏谑的感觉。,0
409,这部以庆祝为主的电影最引人注目的是...在宜家世界中，这些个性堡垒中弥漫着一种孤立感。,1
410,所以我为我们的 num_num 洋基交换购买了另一个磨刀器。,1
411,在停车场里自焚会给你带来更多乐趣。,0
412,它还具有 num_num 年的缺陷保修期。,1
413,-lrb- u -rrb- 极其愚蠢。,0
414,在气味保留和结块方面，它的表现很差。,0
415,营地内令人毛骨悚然的景象和声音有效地刺激了我们的感官，创造了一种完全麻木的体验。,1
416,希望这台研磨机比我上一台的使用寿命更长，这样就可以买来作为礼物。,1
417,孩子们经常看起来只是在读台词，却无法表达任何情感。,0
418,电影制作海洋中的漂浮物，还没有大到让我们担心它会造成重大伤害，也没有臭到让我们鄙视。,0
419,一旦它坏了，我就会购买一个更好的。,1
420,"这部 影片 如果 作为 博物馆 的 视频 装置 展示 会 更好 , 因为 观众 可以 自由 离开 .",0
421,表演精湛，巧妙地交织在一起……-lrb- 这部电影 -rrb- 以一种迷人而聪明的方式处理了种族、政治和地方商业的交织。,1
422,我必须找到一种方法来归还他们。,0
423,一个角比另一个角稍微高一些，但几乎看不出来。,1
424,勇气、自我牺牲和在压力下的耐心，这些价值观使企业号全体人员在先前的冒险和危险中团结在一起，而现在它们又团结一致。,1
425,这令人沮丧地证实了我们这些不反对“未经选举”描述的人们一直以来的怀疑：乔治·w·布什是一个好奇心不强、缺乏魅力、长得过分的兄弟会成员，性格非常卑鄙。,0
426,这是一部情绪化的恐怖/惊悚片，通过巧妙的舞台布置和导演著名的叙事技巧，将剧情提升到了一个新的高度。,1
427,这个平底锅有点重，而且真正不粘。,1
428,等待录像带——然后不要租它。,0
429,"你 可以 感受到 这个 扣人心弦 的 故事 所 散发 出 的 热度 , 以及 根植 于 情感 中 的 幽默 和 人性 .	",1
430,以我的经验来看，他们总是会制造问题。,0
431,麻烦的是手机的重量。,1
432,我实际上感觉我把钱都浪费在了这一点上。,0
433,"这 是 一次 勇敢 的 尝试 , 探索 世界 心跳 的 脉搏 , 向 世界 通用 语言 节奏 和 活泼 的 声音 采样 致敬 .",1
434,耳机戴在头上也不舒服。,0
435,导演史蒂文沙恩伯格成功地将焦点集中在角色身上，使他们成为古怪的个体而不是有趣的人物。,1
436,这个过程只需要几分钟。,0
437,"最后 , 一部 类型 电影 终于 问世 了 , 而且 涵盖 了 多种 类型 .	",1
438,他们太老套了，有一次，他们真的打翻了一切。,0
439,被公交车撞到会更有趣。,0
440,你必须集中注意力才能看完所有的故事，但每个故事都很有趣。,1
441,"一部 烂 电影 -- 视觉 上 缺乏 吸引力 , 难以忍受 的 喧闹 和 极其 愚蠢 ... ... 其 滑稽 之 处 完全 是 无意 的 .	",0
442,计算机生成技术和数字水墨画的使用使得作品看上去十分精美。,1
443,没有任何迹象表明该物品是由贝尔金制造的。,0
444,我购买了此产品，用于在度假期间喂养我的 num_num 只波斯猫。,0
445,显然，还需要十三个字才能成功提交此评论。,1
446,放弃了创造历史背景的所有伪装，开始讲述两位艺术家之间沉重呼吸的起起落落，进入一场忙乱的肥皂剧。,0
447,给人一种未经编辑的个人日记的感觉。,0
448,"就像 电影 对 80 年代 早期 郊区 近乎 人类学 般 的 细致 再现 一样 , 它 意义 重大 , 但又 毫不 夸张 .",1
449,浪费了精彩的表演。,0
450,这部应时而生的科幻悬疑片惊悚、发人深省、又充满黑色幽默，它在许多层面上都引人入胜，而且值得一看再看。,1
451,小鬼当家走进好莱坞，这是一个很有趣的前提，直到孩子们开始做出连史蒂文·斯皮尔伯格都不知道该怎么做的特技。,0
452,错过工作，第一时间去观看。,1
453,如果说续集有可能超越原作的话，那么《星球大战2》就是如此。,1
454,大骗子只不过是想利用小孩子的情感来进行无谓的愚蠢行为。,0
455,我们也经常用它来烹制香肠、热狗和汉堡包。,1
456,这是一部令人难以置信的有趣的电影，只差男主角就达到完美了。,1
457,在她生日那天把它送给了一个叫happy的人。,0
458,我已经拥有它两年了，它是一匹工作马。,1
459,我已经使用这个温度计大约 num_num 年了。,1
460,我可以把它放在口袋里，需要的时候就可以用。,1
461,当我联系该公司时，他们答复说已经发货了。,0
462,《水的重量》用水来比喻潜意识的欲望，但这个漏洞百出的剧本几乎无法维持下去。,0
463,也许它不会生锈，但近看它看起来有点像奶酪。,0
464,朋友们，越来越难以忽视好莱坞不再与我们一起欢笑的事实。,0
465,参展艺术家的风格和种族多样性，以及恰如其分的40分钟的简短演出时长，使得整个过程不会让人感觉重复。,1
466,他还没有认识到电影的本质就是讲故事。,0
467,这是一部好坏参半的喜剧，并不能真正形容它是一部超凡脱俗的喜剧。,0
468,据说这些都是棉质的，但感觉不像。,0
469,这部电影以对美国最持久的痴迷之一的深刻思考为开端，但最终却成了一个单薄的电影噱头。,0
470,很难想象最近有哪部电影会如此努力地去实现这一点乐趣。,0
471,按照谢弗的设想，克里斯托弗和格蕾丝不过是从编剧的提纲中提取出来的各种古怪特征的集合，然后交给演员去完成一项不可能完成的任务：让这些特征凝聚在一起。,0
472,霍普金斯和诺顿面对面、脚尖对脚的互动是一个成功的组合——但是费因斯却从他们眼皮底下偷走了“红龙”。,1
473,没什么可抱怨的，我的妻子很喜欢这个颜色。,1
474,这是一部具有无限魅力和里程碑意义的电影，其大胆程度堪比电影界多年来所见过的任何电影。,1
475,它是怎样被制作出来的？,0
476,我并不是建议你真的去看它，除非你是那种看过70年代维姆·文德斯所有电影的人。,0
477,前一分钟，您以为自己正在看一部严肃的动作片；后一分钟，您就好像在看一部《粉红豹3》和/或《美少女战士》的片段被拼接起来。,0
478,我根本看不出有什么差别。,1
479,所以我只是认为也许它可以帮助我消除粉刺。,0
480,这是一部朴素而又混乱的形而上学惊悚小说，它提出的问题比答案还多。,0
481,我不认为“一分钱一分货”这句话是正确的。,0
482,对电影爱好者和历史学家来说这是一份幸福的礼物。,1
483,我不得不在路上买一个。,0
484,它们棒极了，而且效果很好，我非常喜欢它们，谢谢。,1
485,它的开放性和惊喜给你留下深刻的印象。,1
486,我丈夫说这很明显所以我不得不退货。,0
487,显然我们都有自己的口味偏好。,0
488,该物品正是我想要的，并且与描述的完全一致。,1
489,值得一提的是，这艘鬼船的布景设计和内部装饰非常恐怖，灯光也非常昏暗。,1
490,我不久后就会订购第二份。,1
491,电影花了太长时间去呈现精彩内容，又花了太长时间去思考下一步该做什么。,0
492,这部巧妙的犯罪电影有着堪比大卫马梅的曲折情节，为有思想的观众带来了无穷乐趣。,1
493,马修·麦康纳试图用狂妄自大的男子气概和夸张的疯狂来控制银幕，但失败了。,0
494,铝制的用过几次后就会变脏，变得难看。,1
495,它会产生堆积的泡沫并将您的咖啡变成一杯短拿铁。,1
496,它的功率更强大，所以我希望它的音量能更大一些。,1
497,一部关于时间痴迷的原创佳作。,1
498,西格尔的一些动作片让人产生罪恶感，但这部片子却太过程化，仿佛是自动播放一样。,0
499,这是一部极其聪明且节奏极佳的犯罪片，其中充满了骗局、骗局、骗局。,1
500,"这 是 今年 最 令人 惊喜 的 一部 电影 , 它 用 一种 总是 令人 惊讶 的 方式 处理 现实 主题 .	",1
501,最适合用于楼梯狭窄的新英格兰老式房屋。,0
502,就其价格和尺寸而言，其音域和响度相当令人印象深刻。,1
503,一切都已准备就绪，随时可用。,1
504,希望它有一个曲柄或类似的东西可以使它更容易。,1
505,我把第一个杯子用坏了，因为我往里面倒入了热肉汁。,1
506,非常令人困惑。,0
507,当时钟滴答作响时，我仍感到迟钝。,0
508,它们全都是垃圾，甚至不是像样的聚酯纤维。,0
509,这部电影的最大优点在于它并不是又一部简单的连线故事、逃亡间谍电影。,1
510,影片犯了一个悲剧性的错误，它持续时间太长，试图反映中国历史上随后发生的每一个事件：战争、革命、共产主义等。,0
511,我目前注意到的事情： + 蓝牙 num_extend 流媒体很稳定。,1
512,幸好 num_num 加仑水箱的过滤器很便宜。,0
513,它并不像其他可用的手机壳那样感觉笨重。,1
514,它适用于所有类型的番茄，但最适合于罗马番茄。,1
515,这是一个绝妙的想法，但它也存在一些缺陷。,0
516,对于配乐，我这样说，它淹没了糟糕的对话。,0
517,唯一的问题是它很容易拉伸，因此要小心。,1
518,非常容易穿上，没有任何气泡。,1
519,这部电影也许不像其他大屠杀电影那样具有戏剧性的、令人痛彻心扉的影响，但它是一个引人入胜的故事，主要是因为亲历者的讲述方式。,1
520,得到它，它绝对物有所值。,1
521,随附的食谱就足够了。,1
522,提供 了 娱乐 和 教育 的 罕见 结合 .	,1
523,"故事 本身 并无 趣味 , 歌曲 也 平淡无奇 : 他们 也许 是 巨人 , 所以 成为 我们 中 的 一分子 , 可能 是 有史以来 最 无调 的 曲调 .",0
524,这是一部心理惊悚片，剧本精彩，细节之处具有强迫症般的关注。,1
525,"当然 , 这 很 荒谬 ... ... 但 尽管 荒谬 , 它 也 令人 耳目一新 , 令人 放松 , 并且 完全 令人 愉快 .	",1
526,自从它到达后我就每天都在使用它。,1
527,当我购买其他几件商品时，我为这个商品支付了 $。,1
528,表演非常沉闷，迈克尔瑞默的导演风格非常冷酷，对话非常俗气，令观众捧腹大笑。,0
529,电影对于邻里价值观的静静肯定赋予了它一种真诚、真实的光辉。,1
530,甚至像阿尔弗雷德·希区柯克和约翰·休斯顿这样的传奇人物，偶尔也会导演一些小故事……因此，看到张艺谋这样的世界级电影制片人幕后导演一部最终无关紧要的故事也就不足为奇了。,0
531,不幸的是，《伤心医院》想要通过其粗略的素材传达同样的傲慢，但这个领域之前已经被以更好的沉着和讽刺的智慧进行了探索。,0
532,我认为至少在 num_num 英寸的轮子中要有 num_num 颗宝石。,0
533,可惜这家公司本来就值得信赖，还推出了几款受人尊敬的产品。,0
534,这里的整个计划是否可能是制作一些东西，使致命的吸引力相比之下看起来像经典？,0
535,令人着迷又令人不安——也许比最初想象的还要令人不安——但如果能稍微理清一些就会有很大的帮助。,0
536,我的 wusthofs 还没有发生过这种情况。,0
537,事情一幕又一幕地发生，但你很难说出是什么或者为什么。,0
538,我们太笨了，无法组织出听起来正常的句子。,0
539,我有好几个这样的，非常值得。,1
540,在人生的小路上上演的一部悲伤的、高尚的人性喜剧。,1
541,这些电缆看上去相当简单，而且工作正常，除了一个问题。,0
542,故事和人物都远远不够吸引人。,0
543,我用这个东西把土豆里面的核挖出来。,1
544,燃气灶具可能会更糟糕，而光滑的灶具可能会好得多。,1
545,小心打开并小心处理拉链。,1
546,几年来，艾伦先生首次凭借在莱昂尼女士所扮演的好莱坞女皇艾莉身上所展现出的魔力超越了自己。,1
547,不是通过人物而是通过漫画来推动。,0
548,通过模仿塔伦蒂诺的埃尔莫·伦纳德来演绎。,0
549,永远不会 -lrb- 陷入 -rrb- 的剥削。,1
550,"不管 人们 对 这部 剧 制作 者 的 目的 有何 看法 , 这部 剧 ... 代表 了 一部 精彩 的 戏剧 , 而 其 背后 的 创造 力量 的 天赋 也 不容 否认 .	",1
551,一部令人困惑的失败之作，可能是伍迪艾伦（RRB）在过去二十年中拍摄的最弱的电影。,0
552,她把它递还给我并拿起了她的银刀。,0
553,这没有足够的力量来按摩我的肩膀和颈部。,0
554,他们大约每周在里面撒尿一次，如果那样的话。,0
555,这部电影如此华而不实、肤浅且紧跟潮流，以至于人们很容易想象这个剧本是由一个新的软件程序制作出来的。,0
556,这不是一个值得等待的“星期五”。,0
557,吸血鬼惊悚片《刀锋战士二》以疯狂的欢呼声开场，然后逐渐失去乐趣——到结尾时，你会感觉到自己的血管因紧张而收缩。,0
558,这些附件件也非常容易清洁。,1
559,这部电影与其说是搞笑，倒不如说是极具情景喜剧风格的可爱电影，它充满了随口说说的俏皮话、不太像笑话的笑话，以及艾伦所体现的坚定的电视和蔼可亲的态度。,0
560,我只是按照我想象的卷发棒的工作方式来处理它。,0
561,兰妮事业上的成功意味着她在生活中一定是失败的，因为她只被野心所驱使，却不懂得如何享受乐趣。,0
562,这是一部引人入胜、充满趣味的影片，它不断挫败我们想要了解这个人的“真相”的欲望，同时以德里达无疑会赞同的方式解构了传记的形式。,1
563,-lrb- deniro -rrb- 为这一部分带来的强烈连贯性只强调了电影本身的模糊感伤，当它缓慢地走向结尾时，感觉它不像是一部电影，而更像是需要润色的剧本的电影朗读。,0
564,我再也不会购买有此要求的其他游戏了。,0
565,一部历时四年创作的杰作。,1
566,《wisegirls》真正让人惊奇的是它的低调品质和真诚的温柔。,1
567,一些评论者抱怨咖啡里有咖啡渣。,1
568,我喜欢奇多和任何人工或天然增强的奶酪零食。,0
569,我们经常使用这些，它们效果很好。,1
570,大都市隐含着一种令人叹为观止的广阔。,1
571,这个原本可能令人感动的故事却充满了复杂性。,1
572,我绝对会推荐这款可爱的手机壳。,1
573,虽然能引来几声无意的笑声，但《极限行动》显然是为“xxx”人群制作的，这些人喜欢愚蠢的动作，而不需要体面的表演、写作和导演。,0
574,我们至少已经用过几百次了。,1
575,b. -rrb- 那确实太可悲了！,0
576,喜欢它！放在炉子旁边真的很方便。,1
577,我好不容易打捞出来的好碎片，鸟儿们都不肯碰。,0
578,一部看似简单的电影，但回头看却愈发具有震撼力。,1
579,但这些刀是物有所值的。,1
580,这部啤酒派对喜剧的前提可能听起来很精彩，那就是四瓶六罐啤酒和一壶玛格丽塔酒，但这部电影一定是在严重的宿醉的束缚下写的。,0
581,这是一部综合性很强、很有启发性的影片，它突破了传记电影的界限，挑战了观众的心理。,1
582,生产价值很高。,1
583,我讨厌发给我的颜色，淡白垩米色。,0
584,不管怎样，我对这次购买感到非常不满意。,0
585,一部通过文化冲突进行学习的智慧小说。,1
586,易于使用，且效果非常好。,1
587,生动 地 捕捉 了 友谊 中 令人 抓狂 而又 富有 魅力 的 潮起潮落 .	,1
588,这是目前可以承受的价格，所以必须这么做。,1
589,跻身威廉斯最优秀的银幕作品之列。,1
590,刀片释放按钮使用简单，清洁起来也很容易。,1
591,我联系了卖家并获得了退款。,0
592,自由意志选择也完全是一个笑话。,0
593,"虽然 "" 卧底 兄弟 "" 肯定 是 一部 面向 大众 的 电影 , 但 影片 也 充满 了 尖锐 , 巧妙 的 讽刺 .	",1
594,除非你的手非常小或非常大，否则使用起来很舒服。,1
595,哈特的战争并没有掀起整个事件的阴谋、悬念和神秘感，而是像超级碗中的圣路易斯公羊队一样，等到中场休息后才开始。,0
596,续集已经变得彻底且无可挽回地荒诞不经，甚至到了一无是处的地步。,0
597,仅适用于 Caine 爱好者。,0
598,这些小饼干勺可以制作出大小均匀、尺寸完美的两英寸饼干。,1
599,我要卖掉我自己的，为其他东西腾出空间。,0
600,就其价格而言，没有什么值得称赞的。,0
601,我宁愿健康少一点，快乐多一点。,0
602,无聊我们没有。,0
603,从亚洲背景来看，这不是我们通常用来烹饪的东西。,1
604,我确信这取决于你的年龄和体型。,0
605,有 num_num 个蓝灯指示设备的充电水平。,1
606,我遵循了指导并对此表示感谢。,1
607,戴维斯已将颇具吸引力的新面孔加入到演员阵容中。,1
608,圣诞节前没有时间退货，所以又买了一条项链。,0
609,我不知道是应该订购瓦格纳 (Wagner) 蒸汽清洁器还是麦卡洛克 (McCulloch) 蒸汽清洁器。,1
610,我只希望真空吸尘器的吸头能够稍微大一些。,1
611,一部场上动作精彩、场下故事引人入胜的体育电影。,1
612,一部非常普通的科幻电影。,0
613,一部关于悲伤和治愈的温柔而富有同情心的戏剧。,1
614,我已尝试用沿着软木塞的叉子来拉。,1
615,如果你正在翻炒原料，即,0
616,我尝试将它们藏在她的食物和零食里。,0
617,这部电影有点像文学批评101，但演得非常出色，而且经常很有趣。,1
618,虽然不是所有作品都成功，但平均水平比《玛丽》和大多数其他近期喜剧都要高。,1
619,这个小黄油铃铛真是一个极好的购买品。,1
620,我只是期待着有一天能够更换它。,0
621,enfamil 婴儿的特点是含有胆碱和 dha。,0
622,我不想要 Otterbox Defense 的庞大身躯。,1
623,它的字符比纸板甚至漫画书纸还要薄。,0
624,即使以愚蠢的动作片标准来看，《弹道：埃克斯对决塞弗》也是一部愚蠢的动作片。,0
625,我对这架直升机的性能一点也不满意。,0
626,我是男性，单身汉，独居。,1
627,一场精彩的娱乐活动，精神上很年轻，但各方面都很有成就，充满了精神和轻松的感觉，这些只有通过经验才能实现。,1
628,这与原始凝胶粘合剂的感觉不同。,0
629,我们使用面包机来准备面团并进行第一次发酵。,1
630,"我们 从来 没有 真正 融入 到 故事 中 , 因为 其中 的 所有 思想 都 只是 抽象 的 思想 .	",0
631,您可能已经在《铁人料理》中看到过他们使用它。,1
632,全体演员看上去都玩得很开心，他们的滑稽动作和愚蠢的街头方言，以及贝里尼和穆林斯基等晦涩难懂的表达方式，让紧凑的86分钟轻松过去。,1
633,在雪地游戏和可爱的西伯利亚雪橇犬 -lrb- 以及一只牧羊犬 -rrb- 的背后，是一幅被大衣包裹着的温馨画面。,1
634,我们 并 不必 这么做 .	,0
635,你好；大约 num_num 年前，我从一家大型零售商那里购买了此商品。,0
636,戈扬的电影过于复杂，难以让人投入其中，而且，请原谅我批评的些许异端，这部电影在智力上过于雄心勃勃。,0
637,尽管我从未听说过，但 anker 是一款优秀的产品。,1
638,这部电影中几乎每一个场景都是独立的珍宝，是对情绪，行为和意图的完美观察。,1
639,我确信真空密封的功效正如广告所说的那样。,1
640,比滑车组类型的挂钩更适合用于存储头顶物品。,1
641,这是一部心理色彩丰富、悬念迭起的道德惊悚片，阿尔帕西诺在其中有着出色的演绎。,1
642,我根据其他人的评论购买了这些电池。,1
643,因此运输需要一段时间，但绝对物有所值。,1
644,尽管有着种种失败的联系，但“呀呀”姐妹会的神圣秘密仍在以一种朦胧而犹豫不决的方式滋养着人们。,1
645,我将在 num_num 个月后更新我的评论。,1
646,你可以去任何一家连锁店，而且做得更好。,0
647,这台机器根本无法与新游戏机相提并论。,0
648,我建议日常使用时使用较小尺寸的。但我喜欢这个平底锅。,1
649,喝完这个之后，我觉得口干舌燥，口渴。,0
650,如果重罪更加普遍的话，它就会有一个通用的产品代码而不是标题。,0
651,这部剧的主角都很出色，但毕晓普和史蒂文森尤为出彩。,1
652,一堂枯燥乏味的历史课，毫无幽默感，毫无生气。,0
653,一旦盖子关闭，气味就消失了。,1
654,不要购买此产品！这些照片非常、非常具有误导性。,0
655,该剧以如此痛苦的美丽和真实呈现，让人热泪盈眶。,1
656,它对我来说不起作用，希望其他人会有更好的运气。,0
657,两位审阅者确定有驱动程序可供下载，但我没有成功。,0
658,"尽管 有 争议 , 但 令人 感兴趣 的 例子 可以 说明 这个 人 的 伟大 .	",1
659,不，它远不如任何受其影响的作品好。,0
660,很兴奋，但这味道一点也不像蜂蜜。,0
661,我认为这个手机壳非常好。,1
662,编剧、导演沃利沃洛达斯基 (Wally Wolodarsky) 以及所有演员应该成立他们自己的男女同校兄弟会：kappa rho alpha phi。,0
663,经过两个月的使用，它仍在工作。,0
664,这并非我花掉 100 分钟或 7 美元的首选方式。,0
665,它可以非常快速地为我的手机充电，并将电池充满 % 。,1
666,杰出的 ！ ',1
667,这是一件毫无价值、毫无意义的物品。,0
668,这是一部英国电影，它并不关心真实性，但却决心要给你带来欢乐。,1
669,这个特定品种的味道相当欠缺。,0
670,一部荒谬的诗，在令人陶醉的抒情和暴力灾难之间突然转变……这是电影史上最令人神经紧张、最令人尖叫的神经质浪漫喜剧。,1
671,请注意，oem xoom 充电器根本不是那样的。,0
672,la prima 运行了大约半发子弹，然后机器就被堵塞了。,1
673,然后我就以为我的车出了问题。,1
674,现在我只需要买一个收集瓶盖的罐子。,1
675,需要 19 位前辈才能实现这一目标？,0
676,对于他们如何处理这个问题有一个明确的num_extend。,0
677,斯蒂芬恩哈特的朴实纪录片《骡夫布鲁斯》对拖车公园的居民们只有爱。,1
678,一部按照其自身宇宙规则运作的浪漫喜剧。,1
679,me too 是一个不错的品牌，生产的鞋子非常舒适。,0
680,与其说这是一部电影，倒不如说这是一部适合大银幕的图画书。,0
681,我会向我的朋友推荐这个案例。,1
682,我订购了两个，都在一周内到达。,0
683,到目前为止已经持续了很长时间并且没有消失。,1
684,我曾经把手机掉在地上，但手机壳完好无损。,1
685,耐用，品质与苹果产品相似。,1
686,这部浪漫惊悚片充满了战时英国的氛围，巧妙地捕捉了20世纪40年代的言语模式、道德准则和理想。,1
687,总的来说，我对产品很满意。,1
688,如果这部烂片是在 70 年代制作的，它的名字就会是《山上有鹿角》，而且会在露天汽车电影院上映三周左右。,0
689,轻松地包裹住我，让我可以准备去健身房。,1
690,就像马拉松运动员试图完成比赛一样，你需要不断补充液体才能完成比赛。,0
691,证明一部关于善良的电影和一部好电影是不一样的。,0
692,另外 num_num 卡路里来自另外 num_num 克碳水化合物。,0
693,一部如此乏味的电影，以至于不可能关心那句夸耀是否属实。,0
694,我必须再降低一下评级。,0
695,"一切 都有 一个 圆满 的 结局 , 但 疯狂 的 喜剧 场面 却 没有 出现 .	",0
696,沙迪亚克拍摄他的电影就像m·奈特·沙马兰的电影一样，他经常保持同样蜗牛般的节奏；他只是忘了添加任何真正的紧张感。,0
697,我有过很多打火机，但这个可能是最好的。,0
698,即使是日本动画的铁杆粉丝……也会发现这是一个挑战。,0
699,我认为，她对阿尔茨海默病的认识比艾瑞斯更诚实。,1
700,在购买之前我进行了研究并且实际上选择了另一个。,1
701,冥王星纳什发生了什么事？,0
702,把自制比萨酱放在上面，然后添加意大利辣香肠和新鲜蘑菇。,1
703,这部充满创意、巧妙、节奏紧凑、激情澎湃的故事的前三分之二部分，孩子们会很开心地跟着故事走。,1
704,就像莫文浓重的、工人阶级的苏格兰口音一样浮华、自命不凡、难以理解。,0
705,正是第二部分才真正让我感到恶心。,0
706,我刚从 verizon 收到一张替换的 bb curve 。,1
707,我醒来时发现我的脸上有一层油膜。,0
708,marineland 的 LED 水族馆系统表现十分出色。,0
709,我已经使用过一次并且不会再使用它。,0
710,现在我有一个我永远不想玩的游戏。,0
711,埃利森 (per christian ellefsen) 以安静细致的演技刻画了艾琳，他是一个真正独特的角色，他的弱点只是让几乎所有人恼火的弱点的略微放大版本。,1
712,一开始只有一点点，随着每次尝试会越来越多。,0
713,我将这套烤箱与一台烤面包机和一台科尔曼野营烤箱一起使用。,1
714,一部引人入胜、感人肺腑、尊重观众和原著的电影。,1
715,"这 是 今年 迄今为止 最佳 影片 , 是 衡量 其他 最佳 影片 奖项 的 标杆 .	",1
716,经过多次尝试后，我收到了相同的产品。,0
717,我没有足够的钱来回报他们。,0
718,还记得邦德的魅力大于喧嚣吗？,0
719,我无法将其再次寄回，因为我没有它。,0
720,...对于一部主角在不同时代之间来回穿梭的电影来说，它出奇地呆板。,0
721,可能对其他人有用，但对我没用。,0
722,如果导演为演员们制定的一套拍摄前指导方针比最终完成的电影更聪明、写得更好、更有趣，那么这是一个不好的迹象。,0
723,它非常简单，而且在锅架上占用的空间很小。,1
724,这个概念很棒，而且实施起来效果很好。,0
725,德奥利维拉创作了一部情感丰富、诗意盎然、视觉效果绚丽但绝不浮夸的电影，其苦乐参半的主题由米歇尔皮柯利强化并出色地演绎。,1
726,"尽管 表面 上 一切 都是 疯狂 的 , 但 严重 的 罪行 却 应该 被 指控 为 游荡 -- 看点 太多 , 能 提供 的 却 太少 .	",0
727,这个紧凑的num_extend的传输强度相当强。,0
728,当我受到打击时，我的健康耐力就会下降。,0
729,大多数产品都是针对因头皮干燥引起的头皮屑。,0
730,去寻找它们，然后你就拥有了它们。,1
731,法瑞尔……幸运的是，他成功地演绎了这个角色，并成功地衬托了威利斯所饰演的厌世上校。,1
732,我已经拥有它很长时间了并且我仍然喜欢它。,1
733,我按照说明扔掉了前 num_num 批咖啡。,1
734,由于运输要求，我无法将其寄回。,0
735,这是一部戏谑性的戏剧，其善行/恶行的无情逆转足以让像我这样的罪人祈求一个更有趣、更少对称、更少明显的十字形创作。,1
736,出色的表演和导演。,1
737,但我还是不太清楚重点是什么……,0
738,我刚刚把锅翻过来，它们就在那里。,1
739,遗憾的是，休伊特的强项是身穿低胸礼服时身体前倾，而不是敏捷的回击。,0
740,一部无伤大雅并且略带趣味的家庭喜剧。,1
741,即使过了几天，它们在酒瓶中仍然是密封的。,1
742,抛开神学不谈，为什么要把一个最终不会学习的人放在儿童故事的中心呢？,0
743,太可怕了；如果一定要去的话，去 costco 更便宜。,0
744,我买这个是为了在旅途中在车上给我的新安卓平板电脑充电。,1
745,我尝试用强力胶把磁铁粘回去，但没有成功。,0
746,你最好投资购买可作为配乐的EMI唱片，或者1992年马尔菲塔诺-多明戈制作的家庭录像。,0
747,而且它可以让米饭保持完美且热度达 num_num 小时。,1
748,"艾莉森 的 故事 其实 是 讲 一 两个 疯狂 的 家伙 , 和 他们 一起 欢笑 是 一种 治愈 .	",1
749,-lrb- 霍华德 -rrb- 和莱昂·巴洛演得非常出色……几乎看不出他在演戏。,1
750,这是我很长时间以来遇到的最糟糕的游戏。,0
751,随后发生的拉锯战既是现代中国的缩影，也是电影神话的速成课程。,1
752,我最终购买了它并且很高兴我这么做了。,1
753,但当它到达陆地时，这部冲浪女孩的剧情就开始像搁浅的石斑鱼一样喘息。,0
754,我为 num_extend 花费了 $，但总体来说不值得。,0
755,布洛克完全缺乏专注力和能力，很快就让电影偏离了轨道,0
756,就像他们把它粘在一起然后运出去一样。,0
757,将微型 USB 插入您的手机并享受宽屏显示。,0
758,我把 num_num 个屏幕保护膜都扔进了垃圾桶。,0
759,我们很轻松地榨出了花园里的生菜和绿色蔬菜的汁。,1
760,这个案例看上去不错，但仅此而已。,0
761,手柄很舒适，可以将水壶牢固地握在手中。,1
762,非常值得花时间。,1
763,这部电影从始至终都遵循着传统的电影制作方式，但是却融入了大量细致的时代关怀以及一些非常受欢迎的智慧。,1
764,是的，它是塑料，但不是廉价塑料。,1
765,胡和刘的表演自然、朴实，闪烁着悲伤、渴望和爱意。,1
766,组装起来非常容易，并且达到了其宣传的效果。,1
767,这个想法已经失去了它的原创性……并且两位明星似乎都对重新演绎这个基本上只是一个笑话的电影不太兴奋。,0
768,原版虚幻竞技场真正诠释了乐趣。,0
769,无敌的沃纳·赫尔佐格活得好好的，住在洛杉矶,1
770,它可能适用于麸质含量较少的通用面粉。,0
771,soe 决定将其存活时间提前整整 num_num 周。,0
772,作为一位演员，他的名字“摇滚”恰如其分。,0
773,真诚而又脚踏实地……一部节奏缓慢、沉闷、令人昏昏欲睡、视觉上乏味的犯罪情节剧/人物研究，若非演员阵容强大，更适合在小屏幕上播放。,0
774,马克马巴夫在这部毫不妥协的洞察伊朗边境地区库尔德难民艰苦生存的著作中，坚持了坚定的现实主义路线。,1
775,仅就技术和后勤方面的壮举而言，俄罗斯《方舟》标志着电影史上的一个里程碑。,1
776,买这个来固定我的 droid，太神奇了。,0
777,"这部 电影 的 目的 是 让 观众 中 反应 最慢 的 人 发笑 , 纯粹 是 闹剧 , 充斥 着 大量 无聊 , 无害 的 尖叫 和 夸张 的 面部 表情 .	",0
778,"这部 电影 不仅 能 触动 孩子 和 成人 的 心 , 还能 让 观众 坐立难安 .	",1
779,公司会进行交换，但这样做会浪费你的时间。,0
780,摩尔的这部复杂而重要的电影，无论你信不信，也极具娱乐性，是一个大卫与歌利亚的故事，至今仍在上演。,1
781,第一次通过时，在 num_extend 级别附近速度确实变慢了,0
782,将所有原料放入面包机。,1
783,我们插入了放在家里的一个备用耳机。,0
784,真的就像他们什么都没拿一样。,0
785,这是一场自我吹嘘的 3d imax 狂欢。,0
786,我不得不从手机店买一些。,0
787,我当然用木材密封剂对它进行处理，以便它能度过这个冬天。,1
788,该片利用家庭暴力这一热门话题来获取廉价的刺激，令人反感；该片反复将幼童置于危险之中，将她视为一个可以残忍折磨的道具，令人厌恶。,0
789,网站上的描述并未表明带子是否有弹性。,0
790,这部电影有很多舞蹈和美妙的音乐。,1
791,盒子很浅，不容易盖牢。,0
792,这将会给我的生活带来多大的变化。,1
793,我喜欢我的 Lodge 煎蛋锅，几乎每天早上都用它。,1
794,既不好笑，又不扣人心弦，情节也不太精彩。,0
795,世界上所有善意都无法改变这一事实：信徒感觉自己就像是犹太纳粹的 12 步骤计划。,0
796,与我们的其他烤架相比，该烤架表面更容易清洁。,1
797,我还喜欢加热板的可调节加热选项。,1
798,它让我想起的更多的是橡皮泥而不是遮瑕膏。,0
799,请回复过滤器零件编号和您的位置。,0
800,与前一版本相比，图形有了明显的改进。,0
801,他们的故事简单而又温馨，充满欢乐，应该能吸引所有人，即使最愤世嫉俗的人也是如此。,1
802,这是波兰斯基最好的电影之一。,1
803,《保琳和保莱特》中唯一你以前没有见过的场景是一个足球场大小的东方地毯，由数百万朵鲜艳的花朵编织而成。,0
804,如果您的面部皮肤柔软白皙，那么一定要使用这些剃须刀。,0
805,《新娘的儿子》可能有点太长了半个小时，但却充满了一种令人愉悦的神秘感和静谧感。,0
806,太小了，而且质量达不到我预期。,0
807,直到 Ree Drummond 在她的节目上做了一些奶酪后，我才想到做奶酪。,1
808,你可以说我胆小，但在这部甜蜜的动画电影中，我哭了，不止一次，而是三次。,1
809,正如韦伯和魏斯曼以敏锐的洞察力和欢庆的热情所展示的，这些小丑们并不全是有关性别、性取向或者政治宣传，它们只是人类不屈不挠的反抗、联系和创造意志的胜利。,1
810,我拥有许多 oxo 产品，并且我一直很满意。,1
811,锋利的切边使你的馅饼看起来和味道一样美味。,1
812,准确性和真实感都很棒，但是如果你的影片变得无趣，对话不够精彩，那么你就需要使用更多诗意的表达方式。,0
813,这个 故事 缺少 了 一些 基本 的 东西 : 值得 关心 的 某 件事 或 某个 人 .	,0
814,我使用了一个功率较小的，用了 num_num 年才最终坏掉。,1
815,罗曼尼克让整部电影始终保持紧张气氛……通过隐喻性的视觉风格以及令人不安的、如心跳般的配乐来反映人物的不稳定性。,1
816,然而，它绝对不能像新电池那样工作。,0
817,对于 num_extend 系列来说，这也是一个不错的大小,1
818,导演伯努瓦雅克首次将歌剧《托斯卡》改编成电影，以伟大的电影创新传达了普契尼著名的爱-嫉妒-谋杀-自杀的方丹戈舞曲的激情。,1
819,非常适合替换我使用了 num_num 年的旧搅拌机，它仍然可以使用。,1
820,你很难不觉得自己刚刚观看了一场有着沉重背景故事的长篇电子游戏。,0
821,与大多数烹饪方法相比，它并没有真正减少脂肪。,1
822,第51式太过平庸，就连于谦的高能动作风格也无法突破这种麻木感。,0
823,非常好的装置，易于组装和操作。,1
824,即使是在这种普通的车里，也很难不被 -lrb- 威瑟斯彭的 -rrb- 魅力所吸引，因为这个女孩知道如何将它驾驶到极致。,1
825,尝试一次你就不会认为它很愚蠢。,0
826,诺兰勇敢地踏入了很少有美国电影敢于深入的领域——矛盾和模糊的世界……,1
827,"由于 影片 在 五个 朋友 之间 突然 切换 , 导致 角色 的 个人 故事 无法 产生 足够 的 戏剧 共鸣 , 从而 让 我们 关心 他们 .	",0
828,在 num_num thq 推出了这款摔跤游戏。,0
829,阿诺德从小荧幕到大荧幕的转变会让不少人皱起眉头。,0
830,短刀片和长手柄为您提供进行艰难切割所需的杠杆作用。,1
831,这枚戒指从盒子里拿出来就看起来很漂亮。,0
832,我开始讨厌它，因为我不需要升级。,1
833,我再也不会从这个卖家那里买东西了。,0
834,也许使用后它会变软，然后就没问题了。,1
835,就像它的前两部作品，1983年的《失衡生活》和1988年的《波瓦卡西》一样，电影拼贴《纳库卡西》可能是有史以来最自我反思的电影。,0
836,蝌蚪是一种精致、有趣和善良的享受，虽然不起眼，但却是一种乐趣。,1
837,我现在主要使用 blentec，但还没有卖掉 vitamix。,1
838,我估计，他们曾来回四趟清空并重新注满水箱。,1
839,CPU 是否也发生过这种情况？很少发生。,0
840,朗利对那些动荡的日子描绘出了一幅极为连贯、极其生动的画面。,1
841,韦奇先生和萨尔丹哈先生很好地处理了言语笑话和闹剧的结合。,1
842,持续了两场游戏，其间我是唯一的操作员。,0
843,然后我在我的家具上使用附件，水变成了灰色。,1
844,毕竟，它们是麦圈，而且我们喜欢原味的麦圈。,0
845,它表明了媒体操纵的广泛影响，从所谓自由媒体的报道……到像哈特菲尔德和希克斯这样的特立独行的个人的内心和最终的悲剧性心痛。,1
846,我已经用这个平底锅一年了。,1
847,其他评论似乎更加积极，但我还是放弃了我的评论。,0
848,这部电影只不过是黑暗中一场公式化的追逐。,0
849,当这个国家相当一部分受人尊敬的评论界人士认为《蓝色迷恋》是一部关于年轻女性的智慧电影时，我为未来感到哭泣。,0
850,自从我用过这个之后，就很难再去做别的事情了。,1
851,尼古拉斯·菲利伯特在他的纪录片《生存与拥有》中观察了法国北部一间教室里的生活，这部纪录片毫无疑问是今年最好的电影之一。,1
852,请注意，我是从名为“小家电”的亚马逊商店购买的。,0
853,使用仅一个月后，底部就开始伸展。,0
854,卧底兄弟走得还不够远。,0
855,这只是一部愚蠢的黑色流派恶搞片。,0
856,该物品并未提供如图所示的全面覆盖。,0
857,张艺谋塑造的人物温暖而真诚，他们撒谎并非出于不诚实，而是因为他们真诚地相信这是给他们所爱的人带来幸福的唯一方式。,1
858,如果包装带有气泡膜的话我会给出五星评价。,1
859,它既没有教育意义，也不令人兴奋，而且很烦人。,0
860,一种充满活力、独创的主题，将引起各个年龄段的单身人士的共鸣。,1
861,我阅读了所有评论并决定选择这一家。,1
862,它对一个时代和一个被抛弃的人进行了一次不错的回顾，虽然现在已经不再容易理解，但它并不一定比流行的前作更能阐明其主题。,1
863,现在只是累了。,0
864,这是一部无聊且公式化的连环杀手和跟踪砍杀的混合体。,0
865,我已经拥有这个慢炖锅好几年了。,1
866,而且这些很有可能是好的电缆。,0
867,你和绿色塑料军人上演的后院战斗更加刺激，而且几乎肯定更有意义。,0
868,它运行良好并且咖啡也同样棒！。,1
869,我会向任何想要 pda 的人推荐它。,1
870,我没有从这个供应商处购买我的套装。,0
871,但我喜欢把手机放在挡风玻璃上较高的位置。推荐。,1
872,如果您想要大声获取 cdn num_extend 倒计时大数字计时器。,1
873,孩子们将会发现一个新的收藏品。,1
874,摩尔的表演几乎与她在1995年与海因斯合作的《安全》一样令人印象深刻。,1
875,这部电影常常充满着一种纯粹的惊奇和兴奋的感觉，这在今天的讽刺电影中并不常见,1
876,虽然在电影界中这只是一个很小的亮点，但还是值得更多人去关注的。,1
877,这是一个理想主义的爱情故事，激发了每个人内心深处的 15 岁浪漫情怀。,1
878,它增加了本来就很大的系统的尺寸。,0
879,然而，使用牛排刀时要小心，因为它们会划伤这些盘子。,1
880,一部充满智慧、感人、令人振奋的影片。,1
881,事实上，《菜鸟警察》是一部近乎完美的电影体验，并且是一部老少皆宜的佳作，这一奇迹与电影讲述的故事一样神奇。,1
882,有时，没有什么比老式的冒险更能让人感到满足。,1
883,我的猫对这些温泉根本不感兴趣。,0
884,尽管拥有一流的演员阵容和引人入胜的标题，编剧兼导演彼得·马泰的首部作品仍旧将无趣的浪漫主题与伪当代风格混为一谈。,0
885,但当他把注意力集中在任何一个人身上时，他就会失去注意力。,0
886,这部根据尼克霍恩比小说改编的电影除了魅力之外，再没有别的魅力了——轻松、愉悦、轻盈的魅力。,1
887,我想，一分钱一分货吧。,0
888,我认为这将是六周内使用的一个很好的替代方案。,0
889,当你绞碎肉的时候你确实需要拿着一个碗。,1
890,它并不糟糕，只是极其平庸。,0
891,自从我买了它以来我只充过一次电。,1
892,我很喜欢这个并且对我的购买感到满意。,1
893,我希望亚马逊能提供比这更好的产品。,0
894,无法想象当你加热头发时它会产生什么效果。,0
895,就像它的明星、它的态度和它的忘却一样。,0
896,《时间变换者》可能不是最令人难忘的电影放映，但它关于我们脆弱的存在和精神指导的缺失的深刻自我评估信息至少应该进入大量的思维模式,1
897,直到偶然发现一本出色的食谱，结果才平庸。,1
898,但这对他薄薄的外衣没有任何作用。,0
899,人们没有理由把自己辛苦赚来的钱投入到一部显然本身也没有投入太多的电影上。,0
900,经过三年的时间，三位兽医的帮助以及一千两百多美元的花费，才获得了成功。,0
901,Otterbox Defender 系列是迄今为止最好的系列。,1
902,这样你就不会得到那么多沙子了。,0
903,"如果 这里 有人 做过 稍微 聪明 的 事情 , 我们 早就 可以 停止 观看 了 .	",0
904,就我的目的而言，这是完美的物品。,1
905,这部电影是您近期内可能看到的精湛大格式电影制作的最佳范例之一。,1
906,动画片的次要情节敏锐地描绘了我们青少年英雄的内心挣扎——不安全感、不受控制和紧张。,1
907,值得庆幸的是，高耶的剧本和导演手法都很低调，而且他从演员阵容中汲取了出色的表演。,1
908,这是艺术对艺术的致敬。,1
909,我把它放在一起是为了给我丈夫一个惊喜。,0
910,现在运费较低，且在订单中预先支付。,1
911,由于我还没有使用过该过滤器，因此对其不做评论。,0
912,很棒的荷兰烤锅，使用起来很方便，露营旅行时使用很有趣。,1
913,我在压印之前在面包卷上撒了一点面粉以防止粘连。,1
914,不管怎样，这部电影展现了一种令人期待的、不同寻常的心理恐怖。,1
915,打斗场面很有趣，但是却很乏味。,0
916,但如果反映生活确实是艺术的职责，那么利在这里就创造了一件杰作。,1
917,不要误会我的意思，绘儿乐 (crayola) 生产的蜡笔是最好的。,0
918,胡萝卜会在其表面留下一大片橙色污迹。,1
919,cedar 对这种敏感题材采取了非常开放的态度，无论是在视觉上还是在写作上都表现出了令人印象深刻的控制力。,1
920,这是一部非常值得一看的电影，有说有唱，应有尽有。,1
921,说实话，这是我扔进垃圾桶的唯一一个手机壳。,0
922,即便是给这些人穿上巨大的毛茸茸的怪物服装，然后给他们跳膝上舞，他们也不会懂得微妙的人物刻画。,0
923,该香皂含有非天然存在的龙舌兰花蜜。,0
924,我们是冰淇淋爱好者，对冰淇淋的品质很挑剔。,1
925,我买这个来替换丢失的刀。,1
926,我毫不怀疑它会经久不衰。,1
927,这部低成本的《正面全裸》是今年最阴暗、最刻意模糊和最自我放纵的电影之一，而《飞向太空》则是它的兄弟，是一部大制作电影。,0
928,导演费尔赞·奥兹佩泰克 (Ferzan Ozpetek) 为这群居住在同一公寓楼的成员创造了一种有趣的动态。,1
929,借鉴了如此多的文学和电影资源，以至于这个未来世界给人一种似曾相识的感觉。,0
930,有时候，《天使的传闻》就像是《天使感动》的延长版——舞蹈有点太多，哭泣的场景也太多了——但我喜欢它的核心和精神。,1
931,今年很少有电影能像它一样坚决地展现赤裸的情感。,1
932,由于连接问题，还不需要重新启动。,0
933,对于任何一位厨房女王来说，量匙都是很棒的圣诞礼物。,1
934,即使布兰妮斯皮尔斯真的很可爱，她的电影也很糟糕。,0
935,有一次出现了小故障，但我并不认为这有什么不好。,1
936,真是骗人的！吸取我的教训，别买了。,0
937,当你可以从雪莉·杰克逊、理查德·马西森……那里剽窃，然后吐出像玫瑰红这样的东西时，为什么还要想出一些甚至准原创的东西呢？,0
938,对我来说它们就像是同一部电影。,0
939,如果您对麦芽糊精敏感，那么这不适合您。,0
940,它可以打开罐头，但并不比老式的开罐器更好。,0
941,我将此产品与另一种类似产品一起使用已超过 num_num 个月。,0
942,我家的不同位置有两个。,1
943,像大多数续集一样，它采用了上次成功的经验，重复了一遍，并增加了更多的人物、特技和内容，试图掩盖其相同之处。,0
944,如果你认为詹妮弗·洛佩兹在计划嫁给本·阿弗莱克一事上表现出了糟糕的判断力，那么等你看了《曼哈顿女佣》之后就会明白这一点。,0
945,这 一切 也 相当 愤世嫉俗 和 傲慢 .	,0
946,"如果 材料 稍微 重 一点 的 话 , 就会 是 五颗星 .	",1
947,这是一件很好的连帽衫，做工精良。,0
948,就我而言，我的就是一堆垃圾。,0
949,如果您有兴趣，这部电影的导演、剧本以及韦弗所扮演的一位略带不满、有内涵的女人，将为您带来一段颇具娱乐性的77分钟电影。,1
950,当女主角是像戈尔迪·霍恩和苏珊·萨兰登那样的荧幕女王时，即使是废话也会很容易被接受。,1
951,这部电影根据大卫利维特的故事改编，延续了该作家一贯的敏锐的聪明才智、过于轻易的巧合和略带有害的珍贵感。,0
952,影片用好意讲述了关于自由的马的故事，但却因为太过霸道而没能打动人心。,0
953,凭借专注和善意的专业精神完成工作，获得了一些好评。,1
954,安德森的电影虽然制作精良，但本质上是一部只有一种技巧的电影，受制于剧本不够完善，最终以失败告终。,0
955,"虽然 这 不是 一部 令人 舒服 或 讨人喜欢 的 作品 , 但 它 富 有挑战性 , 有时 很 巧妙 , 而且 总是 很 有趣 , 这些 就 足够 让人 去看 了 .	",1
956,不连贯的剪辑和过多重复的场景破坏了这部原本可以成为一部重要的单口喜剧纪录片。,0
957,所以请不要再购买，也许他们会降低价格。,0
958,“整部电影讲述的是研究人员静静地阅读布满灰尘的旧信件的故事。”,0
959,马奎尔是一位令人惊奇的出色的彼得/蜘蛛侠。,1
960,这似乎并不比光本身吸引更多的蚊子。,0
961,我再也不会购买汉密尔顿海滩产品了。,0
962,他们中没有一个人表现得软弱或粗心。,1
963,亚当桑德勒 (Adam Sandler) 之于加里库珀 (Gary Cooper) 就如同一只小蚊子之于一匹赛马。,0
964,设置得越精细，所需时间越长。,1
965,我有一个美国制造的版本。,0
966,其中一半是由俏皮话和假装老练的文化观察组成，而剩余部分……更适合在日间电视连续剧中播放。,0
967,我经历过太多这种无效而愚蠢的事情。,0
968,我无法忍受公寓里持续不断的粪便味。,0
969,当设备插入时它会发出嗡嗡的声音。,0
970,尽管《极限特工》号称充满了青春活力，但它在推出一位新的动作英雄的同时，也依然沿袭了邦德电影中枪支、女孩和小玩意儿的陈旧模式。,0
971,它的味道不太浓烈，不像香水。,0
972,这部电影并非沿着塞纳河跳跃，而是或多或少地艰难地穿越潮湿的巴黎，以一种令人不自在的玩笑方式展开。,0
973,我更愿意换乘到走廊另一边的霍兰德先生的音乐课，或者罗宾威廉姆斯的讲座，这样我就能听到一位充满幽默、激情和活力的老师的讲课。,0
974,一部讨人喜爱的另类浪漫喜剧，有着绝妙的邂逅噱头。,1
975,它不是大众市场的娱乐，而是一位艺术家对另一位艺术家的毫不妥协的尝试。,1
976,对于任何从事高科技行业的人来说，这都是必看的影片。,1
977,一个主要的抱怨是收集碎片的微观管理。,0
978,并且我能辨认出这些罐子上没有任何警告。,0
979,我总是抱怨电影里总是一遍又一遍地重复同样的想法，但是《谍影重重》证明了新鲜的想法总是可能的。,1
980,这是一部不太好笑的喜剧片，也是一部不太惊险的动作片 -lrb-，而且是一个不稳定的联盟 -rrb-。,0
981,腰带收进去之后，长度有一尺多。,0
982,他很喜欢这个玩具，但很快就能把零食拿出来。,0
983,麦克道威尔缺乏庄严感，只是悲伤的象征，因此这部草率的戏剧只是一个空洞的容器。,0
984,哎呀，第二个刺客射杀了肯尼迪？,0
985,一些工作室的活力可能会有所帮助。,0
986,这部电影本身就是一部高级犯罪电影，它使军事法庭剧的水平降低到非常非常低的水平。,0
987,如果再小一点就完美了。,1
988,这款产品在亚马逊上有售，价格合理，运费合理。,1
989,令人惊叹、如梦如幻的视觉效果甚至会给那些对欧洲电影的浮夸缺乏耐心的观众留下深刻的印象。,1
990,整个制作中没有一丝诚实。,0
991,体积太大，还有更好的单件产品。,0
992,这种类型的霍尼韦尔已经存在很长时间了。,1
993,换句话说，你必须把它磨合好。,1
994,我已经使用这个支架大约一年了，它工作得很好。,1
995,"虽然 看起来 很 痛苦 , 但 愿意 冒险 的 观众 将会 欣赏 到 今年 最 成功 , 最 引人入胜 的 两部 电影 表演 .	",1
996,一部能够刺激高级大脑功能和性欲的拜占庭情节剧。,1
997,他是一名超级间谍！,1
998,但这东西只要洗几次就会散掉。,0
999,余味如此强烈，我不得不刷牙。,0
1000,咕噜的“表演”真是令人难以置信！,1
1001,在不到 90 分钟的时间内概括了 solondz 自己最糟糕的本能。,0
1002,相当无味，而且他们让你点很多。,0
1003,全是土豆，几乎没有蛤蜊的味道。,0
1004,我真不敢相信这个小家伙竟然这么强壮。,1
1005,谷物的形状造成很大的差异。,0
1006,吉尔莫德尔托罗 1998 年大片的续集风格多样，但为什么我们要用 117 分钟来讲述一个无法超过 90 分钟的故事呢？,0
1007,一部古怪的小喜剧/惊悚片，深深地爱着自己古怪的个性。,1
1008,其他品牌的这种大容器都是玻璃的。,0
1009,它的战斗系统几乎就像是口袋妖怪黄色版。,0
1010,这是一部罕见的新闻：一部充满实际创意的智慧浪漫喜剧。,1
1011,但在高速公路上挽救生命的行为并不一定具有说服力。,0
1012,吉尔？？ hubac 的剧本是一颗宝石。,1
1013,这个玩具的发动机肯定存在工程问题。,0
1014,快跑，不要走，去大屏幕上观看这部尖锐而又令人振奋的喜剧。,1
1015,相反，我会推荐丝塔芙温和洁面乳，你会满意的。,0
1016,锅盖是整个锅具组合中最好的部分。,0
1017,我订购了 num_num 并发现这是一个巨大的错误。,0
1018,而睫毛膏虽然柔软，但是不够饱满。,0
1019,它应该是一个完整的玩具。,0
1020,例如，盒子上说有一个 LED 电池指示灯。,1
1021,其结果令人着迷——充满威胁和肮脏。,1
1022,我用烤箱做了牛肉肉酱面，效果非常好。,1
1023,直到有一天，记录功能停止了工作。,0
1024,无敌是一部精彩的电影。,1
1025,即使外国导演从好莱坞借鉴一些东西，他们也总是会改变原来的模式，使之更有趣。,1
1026,这是自1998年以来最好的一部关于问题青少年的美国电影。,1
1027,节省你自己的时间和金钱并跳过这个产品。,0
1028,有点太轻描淡写了。,0
1029,无论如何，我总会感到轻微的疼痛。,0
1030,张艺谋会拍摄出这样一部可爱的电影——而且以盲人孤儿为主角——表明了他的野心已经到了何种地步。,1
1031,我调整了 iPod 和卡带播放器的音量。,0
1032,克敏能曾经是最好的药物。,0
1033,然而，发射器和接收器之间的信号在绝缘露台玻璃门之间不起作用。,1
1034,只是一片血腥混乱。,0
1035,我联系了该公司，他们说货物丢失了。,0
1036,尽管我们很容易将《疯狂》冠以“两个婚礼和一个葬礼”的新片名，但它远比休格兰特的任何奇思妙想都更有思想。,1
1037,pray 的电影效果很好，甚至对那些不太熟悉唱盘主义的人们也有吸引力。,1
1038,一开始真的让和我一起骑行的人感到困惑。,1
1039,这是一部令人惊叹的视觉诗歌，希望它将作为澳大利亚电影史上最重要的故事之一被铭记。,1
1040,这部电影经常被描述为美国派式性喜剧的解毒剂，它实际上与美国派式性喜剧有很多共同之处，因为这部电影消除了每一个突破的机会。,0
1041,格林在影片中扮演的角色与他过去所饰演的高尚人物略有不同，他的表现一如既往地扎实，施威格也同样出色，他用宽阔、英俊的肩膀支撑起整部影片。,1
1042,鸟类或松鼠。尝试了 num_num 种不同的鸟食。,0
1043,这是我看过的最悲伤的电影之一，但它仍然令人振奋，但又不过分伤感。,1
1044,根本没有吸水。,0
1045,我只会吃优质蛋黄酱并且不吃培根。,0
1046,"... 一部 大型 , 宽松 , 杂乱无章 的 嘉年华 电影 , 毫无 韵律 或 理由 地 呈现 在 我们 面前 .	",0
1047,就像《决战：摔跤传奇》一样，它有数不清的故障。,0
1048,也就是说，麦克风确实拾取了它能拾取的一切声音。,1
1049,... 一部引人入胜的电影。,1
1050,如果没有出色的剧本和充满活力的表演，教条电影就会产生和观看邻居的家庭录像一样的催眠效果。,0
1051,我已经尝试了很多。,1
1052,多花点钱买条 Chopat 护膝。,0
1053,《八个疯狂的夜晚》展示了桑德勒的多才多艺。,1
1054,这部电影在各地上映。,0
1055,它的功能符合预期，而且尺寸正好适合露营者。,1
1056,我很高兴我们选择了这个。,1
1057,我可以使用乳霜状遮瑕膏来遮盖它。,0
1058,更糟的是，这些控制太令人困惑，让我很头疼。,0
1059,《快跑者》既引人入胜又充满异国情调，其情节在阴谋、背叛和谋杀方面可与莎士比亚的作品相媲美。,1
1060,我一遍遍地想着：‘我应该享受这一切。’,0
1061,这是一部相当符合剧本情节的电影，将动作与浪漫情怀完美地融合在一起，还穿插了一些有意或无意的喜剧元素。,1
1062,《永恒的塔克》在浪漫的纯真和哲学的深度之间达到了一种微妙的平衡。,1
1063,雨天和讲述家庭解体的影片总是让我心情低落。,0
1064,一部聪明、甜蜜、俏皮的浪漫喜剧。,1
1065,一部繁琐而又充满陈词滥调的电影，充斥着人类已知的所有情感手段。,0
1066,正如休格兰特在影片中反复说的那样，“太可爱了！”,1
1067,有一件事是令人惊讶的糟糕的a.i单位。,0
1068,简单！完成预期的工作。,1
1069,我宁愿在脖子上系一条毛巾当斗篷。,0
1070,这是一个尊重惊奇版本但又不被其所束缚的故事。,1
1071,我首先将它用在手和手指上。,0
1072,亮点是饰演主要反派的克里斯托弗普卢默和饰演古怪的剧院公司经理文森特克朗姆斯的内森连恩的精彩表演。,1
1073,几乎没有超越漫画书的地位。,0
1074,滑稽的闹剧喜剧翻拍版《麦当娜街上的大事》，是一部狡猾、有趣、充满笑声的小珍宝，其中终极的“贝里尼”开始看起来像一个“真正的崩溃者”。,1
1075,亚马逊没有提供关于这家出版社的足够信息。,0
1076,这是一部精彩的美国体育电影，丹尼斯奎德是这部电影的体育核心人物。,1
1077,不要买。由于价格原因，我没抱太大希望。,0
1078,非常适合您想要撕碎、切割或混合的任何东西。,1
1079,非常愚笨。,0
1080,《黑道家族》中的任何一集都会让这一愚蠢的设想与鱼儿一同沉睡。,0
1081,也比去杂货店便宜。,1
1082,我将它用于我的工作并且它表现良好。,1
1083,影片充满了精彩的表演，由扮演布莱希特的约瑟夫比尔比希勒和扮演他的妻子海伦韦格尔的莫妮卡布莱布特罗领衔。,1
1084,这减少了浪费，而且您不必摄入有害的推进剂。,1
1085,我为我的 evo 购买了屏幕保护膜。,1
1086,这个箱子还算合适，但是一点也不吸引人。,0
1087,这将与您可以购买到的任何顶级刀具相媲美。,1
1088,一部引人入胜且有趣的电影。,1
1089,塞里很好地捕捉到了当时的时代气氛，并且或许是无意之中将其与2002年美国发生的事情联系起来。,1
1090,预计会看到其他更优秀的电影，尤其是《七宗罪》，导演威廉马龙对其大加模仿。,0
1091,一次低劣的、剥削性的、彻底令人不愉快的经历。,0
1092,我讨厌这部电影,0
1093,我错过了！这东西太锋利了。,1
1094,我认为 dsp 管理器是安卓手机的原装管理器。,1
1095,该产品交付时无法正常运行。,0
1096,可根据需要轻松移动到各个位置。,1
1097,有些电影就像美味的开胃菜；这部电影则是一场盛宴。,1
1098,如果运输时间不那么长的话我会再次购买。,1
1099,也许它只是需要磨合和一些精细的装配。,0
1100,我认为传感器正在读取地毯纤维中吸入的灰尘。,1
1101,我非常欣赏这个作品。,1
1102,奈尔在影片中加入了舞蹈、指甲花、装饰和合唱，但她的叙事陈词滥调和情节却带有老肥皂剧的味道。,0
1103,如今，这部三年前的豪华制作被缩短了约20分钟，其宏伟程度和规模足以满足成年人的逃避现实的需求。,1
1104,"随着 影片 令人 震惊 的 结局 , 人们 意识到 我们 还有 很 长 的 路要走 才能 完全 理解 其中 涉及 的 所有 性 变化 .",1
1105,"就 在 那 短短 的 时间 里 , 他 就把 玩具 的 一只 翅膀 扯掉 了 .	",0
1106,"这部 极其 不好笑 的 电影 长度 为 80 分钟 , 但 感觉 却 是 原来 的 两倍 长 .	",0
1107,很好的老都市传奇故事。,1
1108,确实增加了音量，但触感不太好。,0
1109,-lrb- t -rrb- 同样极端的情况使我们无法认真对待其信息，而《复制娇妻》的心态在现代背景下并不奏效。,0
1110,影片囊括了各种元素——历史重演、档案录像、人物访谈——而且音乐也非常优美。,1
1111,本片之所以比之前的作品更成功，是因为迈尔斯不再只是简单地模仿六十年代间谍电影中的迷你摩登狂热。,1
1112,它带有纯粹的商业动机，对原作没有多大的热爱。,0
1113,我想您可能会说，那是什么，它是一把勺子。,1
1114,杰森x的特效很俗气，情节也很陈旧，但其恐怖、自嘲的幽默感弥补了很多不足。,1
1115,这个故事与之前的许多故事很相似；像之前的许多故事一样，它最终也得出了一个并不十分惊人的结论：犯罪不会有好结果。,0
1116,它可能会持续几分钟并很快消失。,0
1117,我建议任何想要购买 linksys 产品的人都去看看 netgear。,0
1118,当它该爆发的时候，它却磨磨蹭蹭、拖拖拉拉；它甚至没有足够的盲目暴力来打破所有代际联系的乏味。,0
1119,这几乎就像是把手机放进一双高档的袜子里一样。,1
1120,它几乎合适，但还不足以完全扣合在一起并合适。,0
1121,当你使用它时整个东西都会变热。,1
1122,至少从这篇最新的电影散文可以看出，任性的古怪魅力已经开始有些减弱了。,0
1123,对大多数观众的要求太高了。,0
1124,从片名的蹩脚程度就能看出这部影片有多么糟糕。,0
1125,材料和工艺的质量明显较差。,0
1126,滋滋声很响，牛排却很少。,0
1127,除了我唯一的抱怨之外，我会给它五颗星。,1
1128,尽管摩尔尝试着奇思妙想并亲自指导，但其他人可能会发现它会引起偏头痛。,0
1129,亚马逊很好，立即给我退款。,0
1130,但一旦超过一半，质量就会变差一些。,1
1131,清洗非常简单，只需一秒钟。,1
1132,正是我的手机所需要的，而且价格也最优惠。,1
1133,我是从最早的一个电视购物节目中购买它的。,1
1134,很高兴我选择了这个，而不是一些比较便宜的。,1
1135,我厌倦了廉价制造、高价位的电器。,0
1136,我不知道为什么它得到如此多的好评。,0
1137,从情节上来说，没有什么值得发邮件回家讲述的。,0
1138,一部非常有趣的电影。,1
1139,精心编排的流血事件发生在一部完美的电影梦幻岛上，基本上就是这样。,1
1140,很棒的外壳，易于使用，而且非常耐用。,1
1141,他们会向您发送 num_num，因为每个持续大约两天。,0
1142,尼金斯基的粉丝们将会细细品味考克斯作品的每一个细节。,1
1143,她本可以自己装饰她的手提箱。,0
1144,喜欢 deffender 手机壳，讨厌苹果手机。,1
1145,麦凯用酸溜溜的陈词滥调和大量的恶意来削弱他的夸张言论,0
1146,不久之后，这部电影就开始变得像《综合医院》和《周六夜现场》恶搞版的《热天午后》的结合体。,0
1147,影片45分钟的放映时间并不算过长，但观众可能比屏幕上的运动员更疲惫。,0
1148,该产品不耐用，但可能只是我收到的那个。,0
1149,德尼罗和麦克多蒙德的表演很出色，但是由于故事情节无法引起观众的兴趣，他们的出场时间被浪费了。,1
1150,比 num_extend 更有创意，但我不这么认为！但仍然是一个很棒的产品。,1
1151,虽然这不是一部伟大的邦德电影，但它是一部不错的邦德电影，这仍然使它比典型的邦德山寨版电影好得多。,1
1152,我也更喜欢 wustof 的刀片重量和厚度。,1
1153,其缺点是对话冗长重复，而且数字视频的视觉效果单调。,0
1154,演员和角色之间存在着奇怪的共鸣，而且并不十分讨人喜欢。,0
1155,考夫曼创造了一种令人毛骨悚然的感觉，让人不但亲身经历了这些事件发生的时间，而且亲身经历了马修被杀的那个晚上。,1
1156,"它 的 笑声 来自 于 普通 的 乡巴佬 类型 , 也 来自 于 许多 很多 时刻 , 即使 没有 伊丽莎白 时代 的 散文 , 我们 也 能 看出 事情 背后 的 戏剧 .	",1
1157,"最好 避免 与 那些 沉闷 , 书呆子 的 人 一起 被 监禁 .	",0
1158,这绝对是你看过的最有趣的纪录片！,1
1159,我的产品完美适合亚麻壁橱门，无需任何固定。,1
1160,-lrb- 一部 -rrb- 搞笑浪漫喜剧。,1
1161,我买了它们并发现它们非常烦人。,0
1162,当情节开始时，这部电影就失去了可信度。,0
1163,本该是尖锐而滑稽的，却反而浪费了时间和才华。,0
1164,随着-lrb-人物-rrb-变得越来越沮丧，故事变得越来越令人厌倦，特别是当它继续付出显着的努力以达到深刻的效果时。,0
1165,除了黄瓜汁，我几乎喜欢所有东西。,1
1166,我仍然会继续使用哲学产品，但不会使用这款。,0
1167,非常物有所值，没有它我就不想拥有它。,1
1168,因为这些刀具在收藏品市场上会大增值。,0
1169,附带一条毛巾，用于放置前清洁手机。,1
1170,这是一个恐怖与复仇的故事，它近乎完美地刻画了一位男子饱受折磨的灵魂深处。,1
1171,我很失望，我仍然不能穿我的鞋！。,0
1172,除了最忠实的口袋妖怪粉丝外，对于任何人来说这都是一场漫长的跋涉。,0
1173,快：谁想看一部有关机场安检不严的喜剧？,0
1174,将 num_num 夸脱的水放入机器。,1
1175,因为它绝对不值全价。,0
1176,我希望这将是一个更好的选择。,0
1177,我已经使用过两次了，它已经停止工作了。,0
1178,从 技术上讲，这部影片就跟一部保险广告一样有趣。,0
1179,你最好呆在家里看X档案。,0
1180,最后，我只能找一些坚硬的东西来将自己打昏。,0
1181,我将其用作小型办公用品架。,1
1182,我没有遇到其他人遇到的生锈问题。,0
1183,我订购了它，它及时送到了。,1
1184,哈利波特系列的第二部比第一部更加神奇，简直是今年最佳的家庭电影。,1
1185,生动地传达了过度爱情的陷阱和快乐。,1
1186,《ya-ya 姐妹会的神圣秘密》的制作者应该提供一张免费门票 -lrb- 二等奖，当然是两张免费门票 -rrb- 给任何能在他们电影中找到真正真实时刻的人。,0
1187,搞笑，感人，而且令人非常失望。,1
1188,然而，这是一个rosle如何做对的例子。,1
1189,我从摩托罗拉购买过相当便宜的支架，它们使用了一段时间。,0
1190,即使你不能正确地发音“gyro”，你也会欣赏瓦尔达洛斯超越种族界限的幽默。,1
1191,然后出现了这个我经常使用的削皮器。,1
1192,我用它来清洁我的炉灶。,1
1193,此封面完全达到了其设计目的。,1
1194,铜表面涂有一层透明塑料，以防止氧化。,1
1195,在将近三个小时的时间里，整体的安全通行能力还小于其各部分的安全总和。,0
1196,把它从盒子里拿出来后，我发现它的设计很尴尬。,0
1197,我猜它的广告在真实性方面做得不够好。,0
1198,用同样的方法去了第二个，不行。,0
1199,作品的柔情依旧。,1
1200,公平价格。x x x x x x x x x 。,1
1201,圣诞老人面临的所有这些发展和挑战对情节造成了沉重的负担，耗尽了整部影片的活力，并不必要地降低了可信度。,0
1202,我感觉我好像有一部新手机。,1
1203,它移动大量空气，在两个房间之间摆动。,1
1204,我感到很失望，因为我期望收到可以保存很长时间的糖果。,0
1205,其效果是庄严而恐怖的，然而却又奇怪地超脱。,0
1206,我非常喜欢symbian并且发现它操作起来很简单。,1
1207,我们之所以每年都和差不多同样的人看同一部电影，是因为我们中的许多人都坚持看下去，然后由于尴尬或愚蠢而没有警告任何人。,0
1208,从未真正超越笑话大师的地位……而笑点也达不到巴里那种眼神呆滞、完美冷静的表达方式。,0
1209,我通常喜欢露得清产品，因此这款产品让我很失望。,0
1210,它滚动得太容易了，也太顺畅了。,0
1211,一部不够好而无法在下午电视上播放的动画片，现在变成了一部不够好而无法在影院上映的电影。,0
1212,可能是我住在一处周围有山丘和树木的公寓里。,0
1213,这就是使用特殊效果的方法。,1
1214,它们附带完整的说明书，没有太多可说的。,1
1215,罕见的是“城市喜剧”，甚至试图达到这部令人放松的独立电影的洞察力和诚实。,1
1216,一切仍然很顺利，我只是需要更多的容量。,1
1217,这是一部毫无意义的垃圾电影，其说唱配乐比电影本身还要好。,0
1218,它愿意冒着显得迟缓和自命不凡的风险，因为它认为这种冒险值得它做出承诺。,0
1219,显然不值花一半的钱。,0
1220,关公让这些混搭的隐喻变得引人入胜，同时又用他所培养的对行动的反感让我们陷入麻木。,0
1221,它的玩法几乎像《索拉里斯》，但是有枪支和笑话。,1
1222,中篇小说中微妙而神秘的情节现在变得广泛而滑稽。,0
1223,使得分离和交叉污染控制变得非常容易。,1
1224,一部犀利，生动，有趣并且令人警醒的电影。,1
1225,你也许不会相信这些想法。,0
1226,劳拉里根以令人恼火的平淡方式扮演了朱莉娅。,0
1227,它可以让咖啡保持数小时的热度和新鲜度。,1
1228,白色在冰箱里多放几天。,1
1229,这并不是一次糟糕的旅程。,1
1230,"无可否认 , 这部 影片 的 视觉 效果 非常 出色 ... 或者 表演 的 情感 完整性 .	",1
1231,这部电影就像是一系列永不结束的开头和中间。,0
1232,"当 一部 电影 仅仅 因为 它 是 一个 有 市场 价值 的 产品 而 被 制作 时 , 结果 就是 像这样 的 没有 灵魂 的 丑陋 的 电影 .	",0
1233,我喜欢它，耐用又可清洗。,1
1234,它非常容易使用并且非常可靠。,1
1235,该产品实现了其预期的功能。,1
1236,所以归根结底就是你得到你付出的东西。,0
1237,用 奶酪 片 代替 水果 和 奶酪 拼盘 上 的 法式 面包 .	,0
1238,退回产品但据我所知，它可以发挥作用。,0
1239,我是圣诞老人送给我 num_num 个月大的孩子的圣诞礼物。,0
1240,虽然布景普通，特效也只是二流水平，但杰森在科幻方面的说服力与已停播的电视剧《埃及艳后2525》差不多。,0
1241,对于一部如此刻意晦涩难懂、难以接近的电影来说，“谜”是一个很恰当的名字。,0
1242,我对这两款产品都没有任何问题，强烈推荐。,1
1243,如果有一种方法可以有效地教育孩子们有关毒品的危害，我认为就是像 -lrb- 这样的项目，不幸的是，它是 r 级的 -rrb- 付费的。,1
1244,伊恩弗莱明庄园的另一笔租金分期付款。,0
1245,我想也许这个产品可以帮助到一些人。,0
1246,因为它对于我的杯架来说太大了。,0
1247,确保针脚与触点对齐。,1
1248,康泰特完美地捕捉了文森特生活中的酒店大堂、双车道公路和路边咖啡馆。,1
1249,诺瓦克通过非演员阵容和坚韧不拔、零预算的拍摄方式，成功捕捉到了黑色喜剧中一种残酷而又搞笑的风格。,1
1250,首先，如果没有延伸，它们就很短。,0
1251,伸展臂的按钮在坏掉之前只工作过一次。,0
1252,这是我们能最接近地透过摄影师的取景器观察他工作的样子。,1
1253,它过于努力，超越了其自身世界的逻辑。,0
1254,演员们的才华使《月光英里》超越了其感人至深的剧本。,1
1255,看，这是一部充满了令人眼花缭乱的摄影、舞蹈和音乐的精彩电影。,1
1256,就技术而言，下颌骨的表现可能令人钦佩。,0
1257,我买了三个这样的装置放在家里。,1
1258,它有勇气以真诚和奉献去思考大问题。,1
1259,我的狗在睡觉前开始变得焦虑。,0
1260,这是迄今为止有关好莱坞的最真实的电影之一。,1
1261,我的意思是她感觉自己崩溃了，崩溃到了极点。,0
1262,此时无法将其拧紧来修复。,1
1263,口味介于经典美式金色艾尔啤酒和牛仔金色拉格啤酒之间。,1
1264,让 s&m 看起来非常浪漫，而玛吉·吉伦哈尔则令人愉悦。,1
1265,它代表了高于平均水平的电影制作水平，并且不要求观众保持沉默和注意力分散。,1
1266,尽管阿瓦里已经尽了最大努力，让艾利斯的小说从平淡无奇中创造出一些东西，但到最后，他所制定的规则几乎不值得遵循。,0
1267,《嘻哈帝国》是一部你以前看过很多次的电影，因为主角是一位拉丁裔，所以被重新包装成新素材。,0
1268,这只是一件事，没有什么大不了的。,1
1269,产品准时到达，并且包装完好。,1
1270,卡尔金没有展现出任何魅力或领袖气质，无法让更多观众对他这个任性的角色产生哪怕一丁点的兴趣。,0
1271,口味：略带酸味，总体来说还不错。,0
1272,为学龄前儿童提供足够的娱乐乐趣，同时培养健康的态度。,1
1273,我喜欢 Oster 蒸锅，它确实能实现其宣传的所有功能。,1
1274,值得一看。,1
1275,不幸的是，作为一名编剧，蒙蒂亚斯先生对待他的团队并不像作为一名导演或演员那么好。,0
1276,无需寻找存储位置，因为它可以放入任何浅抽屉中。,1
1277,菲利普·迪克肯定和我的胃一样在坟墓里翻身了。,0
1278,一大特点是刮铲头可拆卸，方便清洁。,1
1279,然后她说，好吧，你点的是 pu，你得到的就是这个。,0
1280,该装置本身就像一条项链挂在您的脖子上。,1
1281,一次引人入胜的旅程...而“他最好的朋友记得”是其中最精彩的特别节目之一。,1
1282,相机用了几次后就坏了。,0
1283,风语者 是一部令人欣慰的电影，它是一部让你挑剔其缺点的电影，即使你不得不承认它以某种方式打动了你的内心。,1
1284,这次，考夫曼的想象力失败了。,0
1285,num_num 个月后，我仍然有隐私屏幕。,1
1286,一部引人入胜、切中忧郁症生活片段，触动神经、产生真实感。,1
1287,或许，这部电影有些粗糙，但它仍然具备另外三部伟大电影的所有元素，让人惊心动魄。,1
1288,如果您要招待多位客人，那就太好了。,1
1289,搞笑、尖刻的英国喜剧。,1
1290,是的，它们很轻，而且一点也不耐用。,0
1291,它不如我们便宜得多的型号好。,0
1292,那是他洞指旁边的那根手指。,1
1293,产品特点和编辑评论表明德国是制造原产地。,0
1294,显然溢流的安全裕度要小得多。,1
1295,它效果很好，我很满意。,1
1296,最纯粹的逃避现实主义。,1
1297,这叫作弊！我至少希望罐子里有燃料。,0
1298,嘿，还有谁需要洗澡？,0
1299,非常印象深刻的是，在一分钟之内将所有成分完美地融合在一起。,1
1300,乔治，请为下一部电影聘请一位真正的导演和优秀的作家。,0
1301,我喜欢烹饪，烹饪时需要锋利的刀。,1
1302,那种刺激感 -lrb- 早已 -rrb- 消失了。,0
1303,其质量的低劣使其与大仲马最近的另外两部拙劣作品《铁面人》和《火枪手》并列。,0
1304,这种关于信仰、希望和慈善的鼓舞人心的言论并没有什么不妥，但是如果甜言蜜语的真诚也是一种罪行的话，那么这部电影的制片人将会被判终身监禁。,0
1305,"事实上 , 它 是 一部 极其 平庸 的 喜剧 , 只是 偶尔 出现 一些 搞笑 片段 .	",0
1306,我没有遇到过任何特氟龙剥落的问题。,1
1307,就这种类型的电影而言，相当有趣……,1
1308,设备中没有加热板，但是它不需要。,1
1309,演技很差，导演平淡无奇，甚至可以说是一个刚从小学毕业的人写的剧本。,0
1310,此后，它就变得愚蠢和伤感。,0
1311,值得一看的电影 。,1
1312,它鼓舞人心地描述了来自不同文化背景的人们如何拥有相同的人性和精神需求。,1
1313,而且比在 cusinart 零件网站上购买便宜得多。,1
1314,虽然不能与吴宇森早期的最佳作品相媲美，但它无疑是他最好的美国电影......几乎重现了他香港电影的辉煌。,1
1315,这部电影拍摄精良，而且非常悲剧，看完片尾字幕后值得我们深思。,1
1316,价格合理，品质优良。,1
1317,但在以儿童为中心、幽闭恐怖的背景下，它同样令人恐惧和不安——甚至令人受到惩罚。,0
1318,总体而言，《我看见》是一部有趣的电影，可能可以算作墨菲在其一部不太受好评的电影中表现较好的电影之一。,1
1319,一个令人耳目一新、真实的成长故事。,1
1320,一个毫不掩饰的感伤和非常有趣的真实故事。,1
1321,我讨厌每次使用咖啡机时都放置一次性过滤器。,1
1322,博朗拥有一切。这是我的第二台可编程的 Flavorselect。,1
1323,我怀疑圣诞节真正来临时还有人会记得这张照片，但也许那时它会被录制下来。,0
1324,建议使用亚马逊销售的玩具泡泡器之一。,0
1325,然而，我认为文明 iv 总体来说绝对不是一个进步。,0
1326,喜欢这款搅拌机，声音没有有些人说的那么响。,1
1327,只需用纸巾擦拭盘子即可。,1
1328,它使您能够轻松整洁地存储和访问所有围巾。,1
1329,充满电时，一侧的微小绿灯非常亮。,1
1330,我同意其他人的看法，认为这很难打开。,0
1331,我必须更换桨叶，因为它们已经磨损了。,1
1332,在这一切发生之后，基地也垮掉了。,0
1333,丹尼斯和合著者米歇尔佩坦创作的剧本无可挑剔，带有一种既坚定又诱人的原始感。,1
1334,radtach procable num_num 英寸基座扩展器仅部分工作。,0
1335,当你处于 num_extend 时，它应该很容易重新连接,1
1336,雷纳对达默的演绎令人难忘，深深吸引人。,1
1337,它与 gymkata 和 howie long 的 firestorm 有足够的相似之处，以至于我的指甲本能地爬向我长期受苦的眼球。,0
1338,尽管与根据j.k.罗琳的惊人奇幻畅销书改编的第一部电影非常相似，但第二部却具有令人愉悦的、一往无前的冲劲和令人喜欢的不良态度。,1
1339,需要一个便宜的车载充电器，它似乎可以满足我的要求。,1
1340,富勒肯定会称这部大胆、有时又令人振奋的电影是一部伟大的故事。,1
1341,关于这家商店在整个故事中的意义的个人启示，标志性的人物在整个故事中流畅地嬉戏，产生了迷人的效果。,1
1342,毫无羞耻地多愁善感，更糟糕的是，它逃避了它本身的挑衅性主题。,0
1343,ekobrew，咖啡总是停留在底部的楔形部分。,0
1344,增加了手机的体积，但不是很大。,1
1345,我们喜欢它可以直接从炉顶放入烤箱。,1
1346,这些钳子的锁定机制似乎错了。,1
1347,"制作 者 抛弃 了 原作 的 娱乐 元素 , 而是 重新 改编 老 笑话 , 并将 任何 生活 元素 抛 在 脑后 .",0
1348,因为我很容易受伤，所以我对这个产品寄予厚望。,0
1349,除了最挑剔的青少年以外，所有人都会喜欢这次没有威胁但又刺激的冒险。,1
1350,但对于无线网络来说还不错，我遇到过更糟糕的。,1
1351,牛顿像磁铁一样吸引着我们的注意力，并且她的表演远胜于她更知名的搭档马克·沃尔伯格。,1
1352,如果评价这么好，我觉得我肯定错过了一些东西。,0
1353,"海边 的 城市 相当于 电影 中 的 防御 性 驾驶 : 它 小心 , 认真 , 而且 不会 犯 重大 错误 .	",1
1354,这枚戒指让我感觉又冷又湿，就像我在西雅图的毛毛雨中没有穿雨衣一样。,0
1355,罗杰米歇尔在英国执导了《劝导》和《诺丁山》，表现十分出色，但他在美国的处女作中却过于艺术化。,1
1356,你要么会喜欢它，要么不会喜欢它。,1
1357,油嘴滑舌、讽刺性的纪录片，捏造事实，提出肤浅的观点，并参与电影版的小报新闻。,0
1358,“附带损害”从数字上看，代表了不错的动作娱乐——直到愚蠢的决战结局，迫使观众完全停止怀疑,0
1359,我已经在我们家的前门安装了两个这样的装置。,1
1360,"这部可怜 的 电影 毫无 效果 , 只 相信 弗拉特布什 的 男子气概 就能 让它 成功 .	",0
1361,有时我会在那里待上长达 num_num 个小时。,1
1362,这就是它的作用，而且它做得很好。,1
1363,大胆，令人着迷并且极难忘记。,1
1364,至少对于我来说，这个耳机非常舒适。,1
1365,尽管 Ganesh 在某种程度上取得了中等程度的成功，但他的职业生涯并没有什么引人注目、令人着迷或具有隐喻意义的地方，不值得我们花两个小时去关注。,0
1366,这是近期最令人难忘、最真诚的成长电影之一。,1
1367,为成年人打造的精彩科幻小说，一路上只有少数失误。,1
1368,从那时起我已经更换了游戏。,0
1369,它 在 嘲笑 我们 .	,0
1370,"但 在 大部分 路程 中 , 这 是 一次 令人 耳目一新 的 旅程 .	",1
1371,感觉就像六部不同的电影在互相争抢注意力。,0
1372,"对 努力 程度 评定 为 ` e ' , 对 无聊 程度 评定 为 ` b ' .	",0
1373,3D图像只会增强电影的超现实品质，使其具有一种身临其境的亲密感和电影屏幕上看似倒塌的第四面墙的令人迷惑的不真实感的奇怪组合。,1
1374,该剧根据一位陷入困境的非裔美国人寻求接受自己出身的真实故事改编，温柔感人，揭示了我们内心深处对家庭圈子内认可的渴望。,1
1375,首先，请确保您订购了正确的耳机。,0
1376,在购买毛刺研磨机之前，我已经使用刀片研磨机多年。,1
1377,这是一次穿越记忆的旅程，一场对生命的颂扬，也是一次对于死亡，阶级歧视和无知的严肃反思。,1
1378,我对我的购买感到非常满意。,1
1379,她一点也不喜欢这个手柄。,0
1380,虽然不是最快的，但是比我的其他热风刷要好。,0
1381,我已经用了差不多两年了，它们都没有磨损。,1
1382,这就是你要找的东西吗？去别处吧。,0
1383,这只不过是另一个难以维持生计的鱼离开水的故事。,0
1384,三十年前，这将会是开创性的。,0
1385,皮带运转正常，只需几分钟即可安装完成。,1
1386,电线非常重，不易缠绕。,1
1387,这是一部怪物战斗惊悚片，其残酷程度与启发它的电子游戏系列一样冷酷无情。,0
1388,这本书不仅对处于压力之下的人们的思想和动机进行了一次引人入胜的探究，而且对母爱这一主题的变化进行了敏锐而冷静的观察。,1
1389,我刚刚得到这个，最近有机会使用它。,1
1390,我不确定为什么这款研磨机得到如此多褒贬不一的评价。,1
1391,不需要天才就能让这个装置运转起来。,1
1392,演技精湛、意图良好的瞌睡虫。,0
1393,我为博朗 num_extend 咖啡机购买了这个过滤器。,1
1394,毫无疑问，权力团队已经打造出一部比许多喜剧都更可笑的喜剧。,1
1395,想着，嘿，为什么不尝试一些不同的方法呢？,0
1396,自 1 月 num_extend 以来，我们已经尝试了 num_num 台华夫饼机,0
1397,一次极其搞笑的监狱闹剧。,1
1398,但即使是英雄有时也会跌倒。,0
1399,我刚买了一个 num_extend 立方英尺的冷冻柜。,1
1400,有些公司专门生产含有活性炭的狗饼干。,0
1401,一台光滑、运转良好的机器，抛光和装饰精美。,1
1402,我收到了错误的颜色，而且它很容易被撕碎。,0
1403,如果您正在研磨干燥物品，那么应该没问题。,0
1404,耳机里传来声音说“成功完成后连接”。,1
1405,如果它试图做更多的事情，它就会失败，甚至爆炸，但在这种狂躁的奇想水平上，它几乎是正确的。,1
1406,这是我见过的最好的吸尘器之一。,1
1407,我相信当它进入市场时价格约为美元。,1
1408,对我来说，这是最令人失望的产品。,0
1409,我已经使用这个烤架有 num_num 年了。,1
1410,我曾经使用过优质的 Cooks 品牌安全开瓶器，并且非常喜欢它。,1
1411,在尝试了很多便宜又可怜的耳机后，我感叹道。,1
1412,我甚至不会将我现在的那个送给别人。,0
1413,商品的质量与图片差别很大。,0
1414,一开始，盲人导演电影的场景很搞笑，但是随着电影的继续，这个笑话变得没意思了。,0
1415,《缎子红色》以阿巴斯的精彩演绎为基调，表明女性自我实现的理念几乎不受大陆差异的影响。,1
1416,大多数 这些 事情 的 问题 都 在于 剧本 .	,0
1417,多人游戏同样糟糕，但值得庆幸的是没有更糟。,0
1418,一般来说，如果玩具发出声音，我不会太介意。,0
1419,灾难大师--这是一部伪装成喜剧的垃圾片。,0
1420,到目前为止，该充电器与我的无线蓝牙扬声器配合使用良好。,1
1421,如果我发现的电影足够有趣 -lrb- -rrb- 或者足够令人兴奋 -lrb- -rrb- 那么就很容易原谅它试图从影迷那里获取的经济勒索。,0
1422,影片常常达到令人着迷的诗意效果。,1
1423,它只是将水涂抹到周围，直到水蒸发到空气中。,0
1424,"从 根本 上 说 , 这种 产品 就是 对 消费者 的 欺骗 .	",0
1425,不要在这些牛仔裤上浪费你的时间或金钱。,0
1426,尽管有些难以接受，但整部电影还是很模糊。,1
1427,我连续使用该产品五天才用完。,0
1428,看完《swipped away》后，我为麦当娜感到难过。,0
1429,把我记为不相信狼人电影的人，因为这些电影并不严肃，而且用愚蠢来代替幽默。,0
1430,《地狱屋》常常令人捧腹大笑，拍摄精良，更重要的是，它充满娱乐性，它是一部令人着迷的记录片，记录了一段只有亲眼所见才会相信的事件。,1
1431,"事实上 , 如果 影片 能够 更加 充实 一些 , 而 不是 仅仅 追求 笑容 , 那么 影片 可能 会 更加 令人满意 .",0
1432,首先，这将使你与微软之间的任何担保失效。,0
1433,直接从 realook 免费发货，两天内送达。,1
1434,赵约翰无所畏惧地批判人类的弱点，不怕在观众面前袒露自己的生活。,1
1435,非常合适，切口位于正确的位置。,1
1436,我已经使用这个几个月了，非常喜欢它。,1
1437,首先，糖浆不应该流动，而应该渗出。,0
1438,那么重点是什么？,0
1439,我把它放到窗外并连接到花园软管上。,0
1440,和孙子们一起，这是丰富多彩和实用的完美结合。,1
1441,这些酒塞非常便宜，而且确实有用。,1
1442,这是一幅真正令人感觉良好的照片。,1
1443,Roomba 只是将其视为家具，因此不会爬到上面。,1
1444,我见过的大多数比萨饼轮都要小得多。,1
1445,我不得不说这笔钱花得很值。,1
1446,便当勺和博克刀很不错。,1
1447,这部由乔治希肯卢珀导演的电影风趣而有时又令人心酸，故事全部发生在帕萨迪纳，“一个人们仍然读书的城市。”,1
1448,它的成本很高，但产品却很棒。,1
1449,我喜欢新的镜头，但仍然喜欢旧的东西。,1
1450,这 真是 难以置信 的 无聊 .	,0
1451,另一种只是浪费我们金钱的能源产品。,0
1452,事实证明，它恰好可以弥补我所丢失的东西。,1
1453,您几乎可以闻到广藿香油的香味。,0
1454,看起来就像我把闪粉涂满了整个脸。,0
1455,害怕陷入闹剧，但在间谍机制上却半心半意，《女王的人》最终只是一个长拖累。,0
1456,这是在使用大约 num_num 年后发生的。,1
1457,我知道我将会经常使用它。,1
1458,当然，在大多数体育游戏中，图形并不重要。,0
1459,构思拙劣的现代结局未能达到其应有的道德冲击效果。,0
1460,但这并不是说这些食物不好。,0
1461,这些是给孩子们看的很棒的小夜灯。,0
1462,这件物品的功效正如我想象的那样。,1
1463,哇！我对这个设备印象深刻！它多么有用啊。,1
1464,如此年轻，如此聪明，如此有才华，如此睿智。,1
1465,这既是一部必要的政治工作，也是一部令人着迷的纪录片……,1
1466,"它 包含 足够 的 科学 内容 , 使它 具有 教育 价值 ;	它 还 包含 足够 的 美丽 , 使它 令人 难忘 .	",1
1467,巴巴霍特普 (bubba ho-tep) 是一部精彩的电影，布鲁斯坎贝尔 (bruce campbell) 的精彩演出让它值得上映，直到每个人都知道它的存在。,1
1468,这也可能是问题儿童iv。,0
1469,第二天早上就可以出发了，完全干净。,1
1470,它敢于与众不同，而这种阴影使它变得有价值。,1
1471,这类谋杀和混乱很快就会变得单调乏味。,0
1472,我以为这是硬塑料屏幕盖，但事实并非如此。,0
1473,... 一部缺乏想象力、粗俗、玩世不恭的作品。,0
1474,当然是美国生产最广泛的产品之一。,0
1475,它能保持清洁，不会积聚食物污渍。,1
1476,中等使用率下，其时间接近 num_num 小时。,1
1477,孩子们认为它很棒，但是它很快就变得无趣了。,0
1478,我们买这个是为了让我们的女儿可以有有趣的玩具玩。,0
1479,价格合理，做工精良。,1
1480,《照顾我的猫》为观众呈现了一段令人耳目一新的亚洲电影。,1
1481,这是我拥有过的最好的炊具。,1
1482,它不适合我的浴缸，我的浴缸是标准尺寸。,0
1483,一部俗套的史诗级恐怖故事，结局比其标题还要愚蠢。,0
1484,而且它结构紧凑，不太重。,1
1485,玛吉迪的诗意爱情故事是一部令人陶醉的提高意识的作品，尽管有时有点拖沓。,1
1486,作为作家威尔斯的曾孙，你会认为电影制作人西蒙威尔斯会对这部作品怀有更崇高的敬意。,0
1487,考虑到恶劣的地点和高难度的特技，这次拍摄一定非常艰难，但事实证明，这部电影对观众来说也是一场艰苦的考验。,0
1488,总的来说，我们不会再次购买该产品。,0
1489,就像你在当地汽车餐厅吃到的餐费一样令人满意且可预测。,0
1490,价格非常好，但是这个比我的 cusinart 更难使用。,1
1491,我得出的结论是我浪费了钱。,0
1492,这是一部大胆而具有颠覆性的电影，它打破了高科技时代的流行和强大观念，用引人入胜的图像和菲利普格拉斯的迷人音乐讲述了真相。,1
1493,有点难以处理，一片混乱。,0
1494,因为它是%塑料的，所以我必须修理它几次。,1
1495,我对我购买的大多数 oxo 产品都很满意。,1
1496,我可能会退货，但我需要一个开罐器。,0
1497,她列出了配料，但从不混合和搅拌。,0
1498,尽管片长很长，但节奏却丝毫不慢——没有一个场景让人尖叫着“去洗手间！”,1
1499,不管你是否相信关于巴里斯是中央情报局杀手的说法。,0
1500,我恨自己被詹姆斯邦德执照迷惑，浪费了钱,0
1501,就像一首诗。,1
1502,它实际上比设备自带的过滤器要好一点。,1
1503,整个东西正好放在我孩子的手掌中。,0
1504,"它 充满 了 错误 的 选择 , 你 所能 做 的 只是 难以置信 地 摇头 -- 并且 担心 奥利弗帕克 下次 打算 破坏 什么 经典 的 故事 .	",0
1505,我只能说，忘掉这件事吧。,0
1506,他只是阐述了阿育吠陀有效的观点。,1
1507,影片中没有一个角色有丝毫的可信度，没有一件事件令人信服，没有一场对抗不是摆拍的，没有一个瞬间不是虚假的。,0
1508,：我的厨房空间也有限。,1
1509,故事情节缓慢而乏味，令人打瞌睡。,0
1510,我不喜欢这条腰带，因为缺少材料。,0
1511,正如许多评论所述，这是一款卓越的地毯清洁剂。,1
1512,蒂姆·斯托里 (Tim Story) 还没有到达 - 但《理发店》显示他已经在路上了。,1
1513,总的来说，我很喜欢它们，而且可能会再次购买。,1
1514,"影片 将 戏剧性 的 场面 洒满 银幕 , 让 观众 和 剧中 角色 经历 到 不仅 是 人为 的 动作 , 而且 虚假 到 你 能 看到 制片 人 的 傀儡 线 .	",0
1515,这是一部突破极限的青少年喜剧，是由那些无法想出真正搞笑点的人创作的，但它被滥用了，以至于好的部分被完全掩盖了。,0
1516,我可以清楚地听到呼叫者的声音，反之亦然。,1
1517,这是一幅大师用稳健的笔触绘制出来的爱、嫉妒和牺牲的内心节奏地图。,1
1518,《waydowntown》绝不是一部完美的电影，但它拥有巨大的魅力和独创性。,1
1519,他笔下的人物迷人、亲切，对话逼真、感人至深。,1
1520,并不是说任何东西都会粘得那么紧，你只是不必担心。,1
1521,《钢琴家》是波兰斯基的一部出色的告别作品，他自身的经历使这部作品更加丰富，也使他的其他电影在某种程度上更加富有内涵。,1
1522,布洛克在这里很好地衬托出了她天生的讨人喜欢的一面。,1
1523,我诚心推荐大家去看这部电影——仅仅因为它的历史意义。,1
1524,而且插入电源时它会变得非常热，这让我很害怕。,0
1525,＃姓名？,1
1526,日本首屈一指的性与血腥导演给观众带来了可能是他迄今为止最疯狂的影片。,1
1527,在这种情况下，num_extend 令人大失所望,0
1528,......随着它那糖果般的味道比25美分的泡泡糖消散得更快，我意识到这是一部经不起时间考验的一次性电影。,0
1529,所有的 -lrb- 飞天小女警 -rrb- 魅力都在电影中呈现，但是它却过于单薄了。,0
1530,第一季度表现强劲，第二季度表现稍差，下半年表现一般。,0
1531,乡村音乐真的像它的预告片一样糟糕吗？,0
1532,这是一部艰难的电影，但李的深度和严谨，以及他鼓舞人心的完美刻画技巧（这些刻画不浮夸，因此更加令人印象深刻）在很大程度上抵消了影片中经常出现的令人绝望的氛围。,1
1533,很难说燕尾服是更无趣还是更令人尴尬——我准备称其为平局。,0
1534,不再 。,0
1535,不要采摘这些花——它们已经枯萎了。,0
1536,"强调 了 一个 常常 被 遗忘 的 事实 : 世界 上 人类 人口 和 思维 方式 存在 着 巨大 差异 , 而 人类 则 具有 利用 创造性 , 自然 和 古老 的 疗法 进行 治疗 的 能力 .	",1
1537,这个车库里的汽车很可爱。,0
1538,争论的焦点 。,0
1539,我不会向任何人推荐 tmobile、mytouch 手机使用此款产品。,0
1540,由于某种原因，它对我来说结果很糟糕。,0
1541,如果我弄明白了，我会添加更新。,0
1542,如果它只是按照正确的方式排列，那就好多了。,0
1543,我们尝试了一些菜谱并且觉得很有趣。,1
1544,因为它是由铸铁制成的，所以烧焦的几率很小。,1
1545,仅限一天。并且已在动物身上测试了该产品。,0
1546,拉森和迪格斯都拥有相当出色的个人魅力，他们在银幕上的默契让这个老故事焕然一新。,1
1547,语气突然从紧张变为喜庆，再变为忧郁。,0
1548,没有什么适合它。,0
1549,正如迈克尔·伯格和迈克尔·j·威尔逊在威尔逊所著的故事中所写，这种无情的、无时无刻不在自以为聪明的方法过于努力，很快就会令人厌倦。,0
1550,这些鲑鱼是在水中而不是在植物油中。,0
1551,使用后，削皮器很容易清洗。,1
1552,该产品用于制作美元大小的煎饼。,1
1553,尽管附带损害被认为是“9·11”事件后引发的挑衅，但归根结底，它已成历史。,0
1554,但一些意想不到的曲折变化会有所帮助。,1
1555,此版本以某种方式体现了这本预言书，甚至连其严谨的作者都会钦佩。,1
1556,如果你当时喜欢1982年的这部电影，那么现在你仍然会喜欢它。,1
1557,一部优雅、精妙调配的心理惊悚片。,1
1558,在阿斗波 (adobo) 中，种族不仅仅是一种调味品，更是人们更为普遍关注的核心。,1
1559,这是我购买的第二个。,1
1560,很好地 考察 了 一个 转型 社会 .	,1
1561,这些都没有违背贝汉书的文字本质，但却缺少了它的精神，缺少了它的粗俗和直白的幽默。,0
1562,"这 是 一部 好 电影 -- 虽然 不是 经典 , 但 很 独特 , 有趣 而且 真实 .	",1
1563,对于任何看着迪斯尼 1950 年的金银岛长大的人，或者记得 1934 年维克多·弗莱明的经典之作的人来说，这部电影都感觉像是骗人的。,0
1564,我几年前就开始使用 xlear 鼻腔喷雾剂。,0
1565,你或许不想与萨曼莎一起出去玩，但你或许会在她未完成的故事中看到一点自己的影子。,1
1566,"似乎 摇摆 的 主题 仍然 适合 拍 一部 纪录片 , 但 不是 这部 .	",0
1567,只需重新安装以前的幽灵行动和渡鸦之盾游戏。,0
1568,就其价格而言，声音也很令人惊喜，对我来说已经足够了。,1
1569,我不知道这是我的问题还是这个产品的问题。,0
1570,我不仅仅用它来油炸。,1
1571,据我所知，各个公司生产的质量水平存在差异。,0
1572,所有角色都是老套的，他们之间的互动也是可以预测的。,0
1573,太糟糕了，但是由于一些可爱的喜剧时刻和几场精彩的表演，它并不是完全的失败。,1
1574,总体来说，保持柜台和设备清洁很不方便。,0
1575,充电灯亮，但没有充电。,0
1576,这不值这个价钱，而且品牌名称具有误导性。,0
1577,如果您是敏感性皮肤，这种面霜可能会引起粉刺。,0
1578,这些确实可以打开你的鼻腔通道，并且其功能与广告宣传的一样。,0
1579,这正是您所需要的。,1
1580,充满情趣和浪漫，你可以称此为玛莎如何找回状态--假设，她曾经有过这样的状态。,1
1581,暗示了关于配料、汤和某人不吃面条的双关语，但我们只能说，这些配料加起来不足以做成一顿饭。,0
1582,廉价、低质量的 Chicom 瞄准镜，配有更廉价的环形支架。,0
1583,唯一的问题是蓝光，过一会儿就会变得令人烦恼。,1
1584,"尽管 围绕 着 这艘船 诅咒 的 本质 的 谜团 仍然 足够 吸引人 , 可以 维持 观众 的 兴趣 , 但 影片 却 拒绝 以 人物 刻画 , 幽默 或者 普通 的 爆米花 乐趣 等 方式 提供 足够 的 营养 .",0
1585,这是一个永恒的话题。,1
1586,其拯救地球的讯息与其粗俗的营销行为相冲突。,0
1587,遗憾的是，照片没能捕捉到我的身影。,0
1588,值得 Ataris 赞扬的是，这个游戏还是很有趣的。,0
1589,选择你的反应：a.-rrb-那确实很有趣！,1
1590,上次的笑话都是从赵约翰的人生故事中流露出来，形成了一条引人入胜的戏剧性主线，而这次喜剧演员则隐藏在明显构建的套路背后。,0
1591,否则，只要稍微倾斜或摇晃，它们就会从你的头上掉下来。,0
1592,令我沮丧的是，隐形盾牌只不过是垃圾。,1
1593,我喜欢它使用天然成分，但它对我的皮肤无效。,0
1594,观看这样的电影往往让人感到痛苦和心碎，但是塞尔达尔和沃尔特的精彩表演让这部电影远远超出了通常的伤感疾病电影的水平。,1
1595,然后联系 Sharp 并从那里继续。,0
1596,正是这些蹩脚的玩家让光环的多人游戏陷入了困境。,0
1597,雨是一块小宝藏，它让观者陷入一种毫无宣泄能力的麻木状态和精神状态中。,1
1598,对于索尼这样一个受人尊敬的品牌来说，这根本就不是意料之中的事。,0
1599,这些在那些温馨、特殊的时刻和庆祝活动中非常有用。,1
1600,非常容易保持清洁，是真正的宝藏。,1
1601,首先，这件事真的没有什么值得大书特书的。,0
1602,"无论 什么 情况 , 都 不要 考虑 带 未满 中学生 年龄 的 儿童 去 沉迷 于 低俗 的 幽默 .	",0
1603,只要确保没有放错喷口塞即可。,1
1604,然后我将乳霜涂到我的脚上，特别是脚趾和脚跟周围。,0
1605,我将它安装在水平滑动窗口上。,1
1606,我发现这些补丁很难戴上。,0
1607,喜欢它们在杆上滚动而不是滑动的方式。,1
1608,滑稽可笑，吵闹得令人头晕目眩。,0
1609,这部电影以强烈的真诚和敏感克服了成长故事中常见的陈词滥调。,1
1610,事实与虚构的巧妙结合。,1
1611,尽管如此，气味最多会持续 num_num 或 num_num 分钟。,0
1612,这是一部坦诚而又引人入胜的纪录片，讲述了达拉斯五旬节教会每年修建一座精心设计的鬼屋，以吓唬青少年参加礼拜的故事。,1
1613,或许这个要求有点太多了，但是如果一部电影真的能够激励我，我想要的不仅仅是这些。,0
1614,当最初几个恶棍以“蜘蛛”和“蛇”的身份出现时，你就知道你将看到一个真正的赢家，创造力达到了顶峰。,0
1615,唯一不足的是送货晚了 num_num 天。,1
1616,"它 之所以 有效 是 因为 , 在 很大程度上 , 它 避免 了 同类 电影 中 愚蠢 的 陈词滥调 和 公式化 的 缺陷 .	",1
1617,之后您必须支付订阅费。,0
1618,多尔金和弗朗哥塑造了一幅迷人的肖像，描绘的是一位出生于越南的年轻人，她热切而轻松地融入了田纳西州南部，成为一个拥有全新名字的美国女孩。,1
1619,懒得利用其半幽默的前提。,0
1620,我先用 Woolite 宠物去污剂对最严重的污渍进行预处理。,1
1621,剧本精彩，演技精湛，拍摄和配乐都很优美，这部电影在多个层面上都很成功，它公开质疑社会习俗，同时用情感吸引力吸引观众。,1
1622,我有一个方形平底锅和一个圆形平底锅，我用这个。,1
1623,这不能算是真正意义上的美食，但价格还算公道，即使是从免下车餐厅来的。,1
1624,所以，这辆车看起来很酷，但是它并不是那么好。,0
1625,这是继《巴西》之后，同类型影片中最好的一部。,1
1626,疯狂地寻找笑点，但成功率却对观众不太有利。,0
1627,杀人女佣可能是这类影片中最全面的一部，也是最接近事实的一部。,1
1628,对于一部关于两个不般配好友的电影来说，克里斯托和德尼罗的出场时间很少，两人之间的化学反应就更少了。,0
1629,碗太轻了，我们甚至把它放在橡胶垫上。,0
1630,避免因损坏的光盘而造成的心痛和时间浪费。,0
1631,它是在加拿大制造而不是中国制造的，这很好。,0
1632,你将会感受到仿佛刚刚见证了一场精彩的演出，并且也许会忍不住站起来摇摆起来。,1
1633,大多数新电影都有光彩。,1
1634,我一直无法停止使用它。,1
1635,雅克的《托斯卡》是一场享受。,1
1636,购买时我发现有更新的产品更新：型号 num_extend,1
1637,足够长的电线。中国制造，因此不可靠。,1
1638,编剧斯科特阿博特和迈克尔佩特罗尼将赖斯笔下的性格复杂的阿卡莎变成了一个卡通怪物。,0
1639,这把刀用过一次之后有点生锈了。,1
1640,我联系了 q cell，他们更换了后盖。,0
1641,尽管其出发点是好的，但其肥皂剧式的道德故事却给人一种课后特别节目那种陈腐、预先设定的感觉。,0
1642,我认为所有的可能性都是非常棒的。,0
1643,"2002 年 第一 季度 最 愚蠢 , 最 侮辱人 的 电影 .	",0
1644,我觉得退货后我被多收了钱。,0
1645,福斯特完美演绎了这个角色，他的表演紧凑、专注，感情丰富。,1
1646,这部具有生态意识、对野生动物友好的电影通过其古怪却充满爱的家庭故事，在娱乐观众的同时，也教导了人们良好的道德观念,1
1647,偶尔很有趣，总是非常丰富多彩并且以传统的阿尔莫多瓦风格令人愉快地夸张。,1
1648,我没有自己的衬垫来抵消硬鞋底的负担。,0
1649,我有更小的蓝牙耳机，使用寿命可以延长 num_num 小时。,1
1650,-lrb- 牛顿 -rrb- 在查理身边徘徊，完全没有意识到她需要展现一些存在感和明星气质。,0
1651,这部电影构思有些粗糙，但却扣人心弦，它探索了一个因自我厌恶而饱受折磨的人，他成为了自己种族的敌人。,1
1652,这种电影最终在美国艺术影院上映，仅仅因为它是法语版（lrb），嗯，大部分是法语版（rrb），配有英文字幕，并且因此而具有神奇的“意义重大”。,0
1653,只不过是件平庸的小事。,0
1654,就像我得到了一根延长线并且两端都有公插座。,0
1655,无可否认，艺术家的构思十分精妙，他描绘这些构思的能力也十分惊人，但事实上，整个系列都是虚伪的废话，而那些将晦涩难懂等同于深刻的人却对其大加赞扬。,0
1656,如果您想看看它的实际效果，请在 swype 上查找视频。,1
1657,但这一个做得很好。,1
1658,我从他们那里购买的每件产品都有所缺陷或令人失望。,0
1659,我几乎吃不下去，因为它们的味道太难闻了。,0
1660,对美国中部音乐的沉闷状态以及为摆脱这种状态而做出的拼命努力进行了敏锐的评价。,1
1661,从精神重生到惨痛失败，文森特的奥德赛历程引起人们深刻的共鸣，堪比让雷诺阿的经典电影。,1
1662,没有什么比糟糕想法的堆积更能降低概念喜剧的品质了，而 showtime 里就充斥着这样的想法。,0
1663,我不知道为什么这会成为一种狂热追捧的事物。,0
1664,一部聪明，残酷，又奇怪而又深情的电影。,1
1665,这不是一部叙事电影——我不知道是否有可能拍摄一部有关“9·11”事件的叙事电影，尽管我确信有些人会尝试——但这是迄今为止人们敢于尝试的最接近的一次。,1
1666,我们真的需要一部 77 分钟的电影来告诉我们为什么 15 岁男孩与 40 岁女人之间的恋爱关系无法成功吗？,0
1667,金属非常坚固，不粘性能也很好。,1
1668,即使是无法观看的肥皂剧也更加新颖。,0
1669,垃圾桶通常都很无趣，但这个却非常棒。,1
1670,电影灾难的根源...一部分是昆汀塔伦蒂诺，一部分是盖里奇，还有一部分是 20 世纪 60 年代的间谍恶搞，全都很糟糕。,0
1671,令金先生高兴的是——尽管对他的臣民来说却不幸——市场这只看不见的手写出了一个人类编剧无法企及的剧本。,1
1672,当您将眉毛附件放在上面时，您可以获得混合剪裁。,0
1673,首先我并不是什么狂暴光环。,0
1674,喝咖啡的感觉比闻起来的要好一些。,0
1675,这是因为他们在其中安装了寿命较短的廉价激光器。,0
1676,我以后不会再购买了。,0
1677,既极其怪异又迷人可爱。,1
1678,我真的很喜欢这个柜台保护器在柜台边缘的曲线。,1
1679,但就目前而言，我对此非常满意。,1
1680,德尼罗或许会像克林特·伊斯特伍德在《懒惰的血腥工作》中那样，享受到影评人给予的同样免费待遇。,0
1681,虽然《rrb-》的主演兼联合编剧贝尼尼（lrb-）似乎过得很愉快，但他可能是孤独的。,0
1682,平板电脑充电很慢，但这是意料之中的事。,1
1683,嗯，它使情况变得更糟，就像橡皮筋的纹理一样。,0
1684,如果说这部影片中 70 多岁的明星竟然年轻到可以成为 90 多岁电影制片人的儿子，这似乎是一个小小的奇迹，那么更令人难以置信的是，这位演员和导演在处理生活中的紧迫问题时，所展现出的清醒的勇气和安静的讽刺。,1
1685,我最近为患有憩室病的父亲购买了白米爆米花。,1
1686,维宾斯基用动作代替氛围，用单调代替刺激。,0
1687,一部极其辛辣、苦涩的黑色喜剧。,1
1688,它满足了我的适度要求，并且在外观上超出了我的预期。,1
1689,一部糟糕的真人电影。,0
1690,我买这个是为了将木糖醇和 truvia 甜味剂磨成粉末用于烹饪。,1
1691,我们预料到这是伤感和夸张的。,0
1692,你可以小睡一个小时而不会错过任何事情。,0
1693,演员们都演得非常出色而且放松。,1
1694,这其实又是一部贫血而公式化的致命武器衍生的警匪电影，试图将其缺乏想象力伪装成时髦的知识。,0
1695,尽管它没有人们抱怨的那么多气味。,0
1696,一部令人耳目一新的韩国电影，讲述五位女高中好友在试图让她们的关系更进一步时面临的艰难斗争。,1
1697,我也对它耗电的速度非常失望。,0
1698,我已经使用近num_num年了。,1
1699,在费森登的恐怖三部曲中，这个主题对他来说非常重要，特别是在最后一部中。,1
1700,一旦你玩了一场比赛，你就已经玩过所有比赛了。,0
1701,我几乎没有喜欢这个产品的任何一点。,0
1702,我为我 num_num 个月大的女儿买了这个作为圣诞礼物。,0
1703,呀呀姐妹会的神圣秘密可能并不完全是神圣的，但它肯定——毫无疑问——是呀呀，因为有那么多出色的歌曲和充满活力的表演。,1
1704,多诺万在这部名为《白日梦》的愚蠢作品中表现出的自鸣得意、油腔滑调的举止实在令人厌恶。,0
1705,有些类型的头发需要剪好几次才能剪好。,0
1706,该片非但没有准确记录可怕的真实故事，反而更有可能成为下一部《德州电锯杀人狂》。,0
1707,这个机器做出的炸薯条是我做过的最好的。,1
1708,一遍又一遍又一遍。,0
1709,我不建议喜欢咀嚼的狗使用此产品。,0
1710,维护清洁很快，忽视清洁会花费更多时间和重复清洁。,1
1711,这根电源线看起来很划算，而且评价也不错。,0
1712,我几乎不会送出任何包装好的生日礼物。,0
1713,这部电影根本就没有任何意义。,0
1714,"不管 是 单独 看 还是 集体 看 , 这些 故事 永远 都 没有 像 它们 所 承诺 的 那么 丰富 .	",0
1715,我简直不敢相信这个冰淇淋机如此漂亮且实用。,1
1716,它真实、感人，正如它应该的那样，引人深思。,1
1717,这质量实在是太低了。,0
1718,然而，这个东西感觉起来脆弱且短暂。,0
1719,"史密斯 的 方法 绝不 是 嘲弄 , 而是 温和 地 以 我们 的 方式 思考 我们 自己 的 怪癖 以及 这些 怪癖 是 如何 通过 我们 的 家庭 表达 出来 的 .	",1
1720,自从我收到它以来，我每天使用两次。,0
1721,-lrb- i -rrb- 如果您一生中看过不止一部独立电影，那么很有可能您已经看过这种类型的东西了。,0
1722,我永远不会推荐这种极其浪费金钱的案例。,0
1723,尤其是这款炊具的涂层已经变得很廉价了。,1
1724,这次普利茅斯似乎只追求令人发指的程度。,0
1725,尽管这本书只有大约300页，但内容却非常密集...以至于即使是像谢皮西先生这样的雄心勃勃的改编和精心制作的作品也显得贫乏和不清楚。,0
1726,与这部电影有关的每个人似乎都是某个圈内小圈子的成员，这个圈子往往倾向于制作公式化的电影，而不是新颖的电影。,0
1727,结局是逃避。,0
1728,这部电影有大量令人瞠目结舌的视觉效果。,1
1729,"这部 影片 所 要 探讨 的 只不过 是 一种 过时 的 , 尽管 令人 恼火 的 阶级 观念 .	",0
1730,没有电池磨损而需要更换。,1
1731,荒谬的 。,0
1732,这只不过是又一个为了寻找故事而收集的阴茎、乳房和屁的笑话而已。,0
1733,作为对一些被忽视的全明星的迟来的致敬，站在摩城阴影下的是最好的文化史：信息丰富，具有启发性并且富有娱乐性。,1
1734,如果《时时刻刻》赢得“最佳影片”奖的话，那我就有可能了。,1
1735,使用时它不会到处滑动。,1
1736,然后将它们都放入洗碗机。,1
1737,-lrb- 导演 -rrb- 拜勒也许还能拍出一部伟大的电影，但《夏洛特》有时只是其中的一半。,0
1738,一部对媒介极为了解的警察故事。,1
1739,我实际上害怕打开剩下的罐子。,0
1740,人们几乎不需要字幕就能欣赏这部丰富多彩的动作闹剧。,1
1741,由于线磨损，最近被扔进了垃圾桶。,1
1742,像一本让人爱不释手的小说一样，它探索了间谍电影的领域，探究了银幕上很少出现的历史注脚，让你从第一帧到最后一帧都猜个不停。,1
1743,天啊，这真是一部令人精神振奋、激动人心的电影。,1
1744,一个令人激动人心的精彩故事与一个真正宏大的规模相结合的令人难以抗拒的组合。,1
1745,表演，尤其是塔伯的表演，几乎让《再无重演》变得值得一看，但 -lrb- 编剧/导演 -rrb- 谢弗应该听从他的名义建议,0
1746,这个自恋的傻瓜远不是这部笨拙的喜剧窃取哈佛学位的唯一错误，但他是最明显的一个。,0
1747,说明很容易遵循，但画架的质量很差。,0
1748,"尽管 剧本 和 制作 上 有些 拼凑 , 但 光滑 , 浓绿 的 环境 几乎 使 影片 成功 .	",1
1749,但随着时间推移它就会磨损，因为它是橡胶。,0
1750,非常无聊。,0
1751,这部公式化的惊悚片对史泰龙的事业发展没有什么帮助。,0
1752,没有任何问题，并且可以与许多设备配合使用。,1
1753,讲述那些不知何处寻觅到土地的孩子们，他们白手起家，成为明星运动员的故事——这是美国梦的低级版本。,1
1754,如果这就是丹麦人心目中的美好时光，那么潜在的游客也许应该考虑另一个目的地——也许是某个陷入血腥内战的欢乐国家。,0
1755,表面上赞美中年女孩的力量，但实际上它将女性之间的友谊描绘成可悲的、不正常的和具有破坏性的。,0
1756,我做了一些研究，然后选择了这个。,0
1757,尽管这座岛屿既荒谬又彻底厌恶女性，但其风景却美丽得令人难以置信。,1
1758,寻找电影中的噱头：如何让卡维穿上尽可能多的傻乎乎的服装，并发出尽可能多的傻乎乎的声音，不管情节机制如何。,0
1759,但由于相信了虚假的事实和常规的“独立”电影制作，弗伦德利希只不过制作了一部平庸的电影。,0
1760,我在 num_num 购买了它，平底锅仍然完好无损。,1
1761,这部电影并不恐怖，这并不奇怪。,0
1762,... 上次我看到剧院里挤满了人，他们不停地看手表，是在我的星期六。,0
1763,作为一部绿肠怪兽电影，它是一部美丽的电影。,1
1764,我遇到了两个问题，一个导致评级达到num_num num_extend,1
1765,由于价格太离谱，我只给这个商品 num_num 星。,0
1766,我推荐此卖家，因为我对她是一个美丽而诚实的人，所以她对我的安全性感到十分满意。,1
1767,它是切土豆、制作扇贝土豆和薯条最方便的工具。,1
1768,尽管这位备受争议的韩国电影制片人的最新作品并不适合所有人的口味，但它提供了华丽的画面，精彩的表演，以及一种越来越令人不安的不祥预感。,1
1769,我买这个是为了送给我弟弟的礼物。,1
1770,虽然令人惊讶的真诚，但这个普通的小故事却通过一些令人惊叹的动作摄影和冲浪来装饰。,1
1771,"这 真是 一个 可怕 而又 令人 困惑 的 景象 , 也许 这 会给 未来 任何 水稻 改良 尝试 敲响 丧钟 .",0
1772,"这种 幽默 是 基于 这样 的 信念 : 用 膝盖 顶 裆部 , 用 肘部 击打 面部 , 以及 向 眼睛 吐口水 本身 就很 有趣 .	",0
1773,亚美尼亚种族屠杀的影响被当今过多的舞台表演所削弱。,0
1774,幸好他们来自美国而不是中国！,0
1775,不是‘糟糕的电影制作’的糟糕，而是‘我曾经做过这样的噩梦，而现在它成真了’的糟糕。,0
1776,演技不错，但没有连接点的感觉，只是点而已。,0
1777,配上美味的水果和 kashii go lean 脆麦片。,1
1778,赵的影迷们肯定会从中得到乐趣；公平地说——仅就这部电影而言——我不是他们中的一员。,0
1779,普通的情节剧，充斥着宗教象征，但戏剧内容却非常单薄,0
1780,这种经历如此令人着迷，就像被埋在一个新的环境中。,1
1781,我认为这个概念很好；但斯卡菲却不这么认为。,0
1782,对于首次担任编剧兼导演的马克·罗曼尼克来说，这是一次令人印象深刻的处女作，尤其是考虑到他的背景是音乐视频。,1
1783,那些在大学期间未能接触法国哲学家雅克·德里达的解构主义理论的人，现在可以参加 85 分钟的纪录片《德里达》复习课程。,0
1784,完美的结局并不能弥补电影的薄弱，《疯狂地狱》甚至没有完美的结局。,0
1785,让我们直奔消费者建议的底线：呆在家里。,0
1786,otterbox 稍微笨重了一点，但是就其价格而言，没有什么能提供更好的保护。,1
1787,杰克逊在这里所取得的成就从技术层面上来说是令人惊叹的。,1
1788,陈词滥调就像香烟烟雾一样浓烈。,0
1789,看到这么多好评之后，我想我应该尝试一下。,0
1790,明显的政治和基本的动画降低了嘿阿诺德的吸引力。,0
1791,-lrb-但它-rrb-值得推荐，因为迈克尔凯恩和布兰登费舍的精彩表演。,1
1792,当她说话时，她那令人毛骨悚然的埃及半神声音就像她的音乐一样经过了电脑处理和过度制作。,0
1793,这太糟糕了，因为原料看起来质量不错。,0
1794,另外，它不太饱腹，即使是米饭。,0
1795,我们可以这么说威廉姆斯真实地演绎了一个角色吗？,0
1796,桌子上有厚重的花纹玻璃，看上去非常优雅。,1
1797,如果将奥威尔、布莱伯里、卡夫卡、乔治卢卡斯和沃卓斯基兄弟的作品放进搅拌机，最终会得到什么呢？,1
1798,也许作为一部纪录片更好，少一些艾尔先生平淡无奇的戏剧性，多一些他的观察力和愤怒。,0
1799,我买这个煎锅是为了煎牛排、煎土豆和煎鸡蛋。,0
1800,我花了 num_num 美分加上运费买了这个保护套。,1
1801,"语气 不确定 ... 一场 混乱 的 性 政治 演习 , 一场 初级 大学 队 通过 非常 糟糕 的 事情 走 的 捷径 .	",0
1802,这部电影比虚构的查理考夫曼所反对的任何电影都更加愤世嫉俗和懒惰。,0
1803,"对 大部分 人 很久 以前 就 解决 的 生活 问题 进行 了 粗略 的 探索 , 或者 至少 已经 厌倦 听 人们 抱怨 .	",0
1804,使用我的黑莓手机以这种方式接听电话从来没有遇到过问题。,1
1805,不要期待这份团队合作陈词滥调清单中会出现任何惊喜……,0
1806,"它 是 一部 会让 人们 中途 退出 的 电影 , 也会 鼓励 另 一些 人 起立 鼓掌 , 并且 毫无 疑问 , 两大 阵营 将会 在 未来 的 几年 里 陷入 激烈 的 争论 .",1
1807,它就如同电影版的一本引人入胜的好书，尽管它是无稽之谈，但它的魔爪却出奇的深。,1
1808,饰演邦迪的迈克尔·莱利·伯克（LRB-《章鱼2：恐惧之河》RRB-）拥有恰到好处的魅力和威胁力。,1
1809,就其尺寸、重量和价格而言，它确实值得。,1
1810,我为一部新 iPhone 买了它 num_extend,1
1811,有着 一种 蹒跚 的 魅力 ... 一种 令人 愉快 的 无关紧要 的 消遣 .	,1
1812,只需几秒钟它就能将其磨成粉末。,1
1813,看到罗宾威廉姆斯在过去几年中拍摄的一系列侮辱性、无害性和愚蠢的失败作品中来了个180度的大转变，真是令人耳目一新。,1
1814,"正如 近年来 大部分 的 邦德 系列 电影 一样 , 一些 特技 十分 稀奇古怪 , 简直 就像 卡通 动画 一样 .",0
1815,诺基亚知道如何设计非常好的界面。,0
1816,我还喜欢这个扒炉可以兼作室内烤架的功能。,1
1817,我女儿用它上学大约 num_num 个月，直到带子坏了。,0
1818,"确实 , 从 图形 上看 一切 都 看起来 很 漂亮 .	",0
1819,我经常使用它，它从来没有给我带来任何问题。,1
1820,我发现丙烯酸树脂的问题在于倾翻因素。,0
1821,它毫无困难地完成了工作。,1
1822,总体而言，这部电影在某种程度上没有展现出耶利内克小说的辉煌。,0
1823,尽管情节不太稳定，考夫曼的剧本仍然因一些精彩的俏皮话而令人难忘。,1
1824,和大多数迪斯尼真人家庭电影一样虚假——没有真正的情节，没有真正的冲突，没有真正的意义。,0
1825,最终，它会赢得你的青睐。,1
1826,我购买了 frieling 来更换损坏的玻璃 bodum 压榨机。,1
1827,这个价格可以完成工作。,1
1828,格兰特不仅完美地展现了他的节奏感，还展示了他的演技范围，这可能会让那些认为轻松喜剧是他的强项的人感到惊讶。,1
1829,所有的歌曲都基于相同的歌词。,0
1830,弗兰克诺瓦克对流氓生活的描述太过愚蠢，不足以成为讽刺，又太过明显带有仇恨，因此不能将其归为其他类别，这部令人恼火的作品确实令人心寒，因为它的标题几乎毫无意义。,0
1831,我购买了它们，但当它们到达时它们已经破损了。,0
1832,尽管该片的暴力程度远低于通常的虐待狂程度，但它仍是典型的三池崇史风格：节奏快，激情四射，充满即兴的想象力。,1
1833,"尽管 影片 的 片名 很 夸张 , 故事 情节 曲折 , 但 影片 最终 只不过 是 一部 粗糙 的 人类 故事 .	",0
1834,一部迷人的电影，呈现了一次大胆的历史之旅，并热情地展现了圣彼得堡艾尔米塔什博物馆中丰富的文化遗产。,1
1835,箱子的拉链用一个盖板关闭，盖住拉链部分。,1
1836,而在这方面，on guard 做到了。,1
1837,我根据其他人的好评购买了它。,0
1838,与手机接触的外壳内部一点也不光滑。,0
1839,这个放在我们的架子上积满灰尘。,0
1840,"可能 很 不错 , 但 它却 从 我 的 脸颊 上 滑过 .	",0
1841,这部获得奥斯卡提名的富有洞察力的纪录片，让不断升级的冲突双方的儿童在远离父母监视的目光的情况下表达了自己的想法，为和平提供了另一次机会。,1
1842,这里每天面临的挑战是将猫毛数量保持在最低限度。,1
1843,我再也不会购买没有 Otterbox 的手机了。,1
1844,也许你可以用汽车碾过它们，但仍然不会有事。,0
1845,清理干净并在合理的时间内烤好华夫饼。,1
1846,我把我的厨房用具放在了铃声里。,1
1847,如果我们对于所选择的艺术不要求一定的质量标准，那么我们就应该得到垃圾。,0
1848,有史以来最伟大的家庭奇幻冒险电影之一。,1
1849,这部电影看起来有点恐怖...但是它对一个小家庭关系的描写却具有令人惊讶的深度。,1
1850,僵硬的幽默和过分的伤感的令人沮丧的组合。,0
1851,迈尔斯从来不知道什么时候该让笑话停止；因此，我们只能接二连三地忍受令人麻木的冗长的关于大便和小便的笑话。,0
1852,几天后，我发现自己异常疲劳。,0
1853,这幅画以一种活泼、生动的方式颂扬了同志情谊和团体美德。,1
1854,我想它做出的汤也会比旧的更好。,1
1855,"在 锅里 倒入 半锅 水 , 然后 煮沸 .	",1
1856,它的效果和广告上说的一样所以我很高兴！：。,1
1857,这些环可防止任何意外丢失或故意消失的情况。,1
1858,音频不是宗教，这些也不是圣水。,0
1859,将此从您的必看清单中剔除。,0
1860,我觉得馅饼重量不适合我。,1
1861,这也许很容易让人接受，但是这家理发店却没有达到要求。,0
1862,由于轮子滚动不良，它们会翻转或卡住。,0
1863,一部令人难以置信的低成本丹麦电影，它以一种甜蜜而迷人的方式将一群人聚集在一起，尽管有点方便,1
1864,它的充电状态就像我的手机全新时一样。,1
1865,玻璃 Cuisinart 盖子会把水倒得到处都是，弄得一团糟。,1
1866,首先，我将它们同时放在舌头下。,0
1867,受热后品质会迅速下降。,0
1868,我认为这是保持鱼肉湿润的方法。,1
1869,看来我确实需要投资一些更好的爆米花。,1
1870,夜狼的友谊也很酷，他玩着锤子。,0
1871,"史密斯 的 观点 简单 而 明显 -- 人们 的 家 是 他们 自身 的 延伸 , 特别 古怪 的 人 有 特别 古怪 的 居住 空间 -- 但他 的 主题 却 是 有魅力 的 人 .	",1
1872,阻挡红热线圈进入我的烤盘和玻璃器皿。,1
1873,希望你不必经历这些无聊的事情。,0
1874,birot 的导演处女作 -lrb- 她与 christophe honor 共同创作了剧本？？-rrb- 不算糟糕，但也算平淡。,0
1875,不会像一些非滚轮那样卡在杆上。,1
1876,...通过融合流派并为不那么固定的角色添加真正的人性复杂性，为熟悉的事物注入了令人惊讶的新生命。',1
1877,伊桑霍克一直认为自己是“垮掉的一代”的私生子，这一点在他的切尔西墙壁上随处可见。,0
1878,这部电影也许在讽刺一个很容易被模仿的对象——那些上世纪 50 年代的巨型怪物电影——但是...它承认并且赞扬了这些电影的俗气，这也是为什么如今的人们热衷于观看这些电影。,1
1879,如果你遇到这些情况，一定要小心一点。,0
1880,自动将自己定位在直接以视频形式出租的科幻影片的货架上。,0
1881,即使是个位数年龄的人也能意识到这个故事太愚蠢了……即使对于迪士尼来说也是如此。,0
1882,墨西哥制造的那双要好得多。,0
1883,这两种情况都会把我的狗擦伤并导致出血。,0
1884,如果您想要更便宜的潜艇，请与专门从事该类别的公司交易。,0
1885,它无缘无故崩溃了，保存的内容被损坏了。,0
1886,"对于 喜欢 病态 讽刺 喜剧 的 观众 来说 , 这 是 一部 完美 的 影片 .	",1
1887,让我对购买任何 Discovery Kids 玩具都失去了信心。,0
1888,"这 就像 一生 中 的 一次 特别 经历 -- 愉快 , 甜蜜 并且 难以 忘怀 .	",1
1889,这是卡里翁的处女作，但他的剧本和导演风格充满自信，是许多人花费整个职业生涯才达到的。,1
1890,如果你喜欢摩城音乐，你一定会喜欢这部纪录片。,1
1891,真正的是农心辛面拉面。,0
1892,演艺圈外的人们会喜欢近距离观察那些他们并不真正想了解的人。,1
1893,我不记得我第一次买这个计时器是什么时候。,1
1894,这部电影除了无意间引人发笑之外，没什么可看之处。,0
1895,打开时会发出恼人的声音。,0
1896,所以我购买了这个产品，希望它能够帮助调节我的周期。,0
1897,两天后，我再也没有在这栋楼的任何地方看到它们。,0
1898,... 在这一化身中，它的嘶嘶声具有感染力。,1
1899,对于任何阅读该产品评论的人，我的第一个建议是继续阅读。,0
1900,"确实 很 感人 , 因为 它 现实 地 描绘 了 各种各样 的 爱 .	",1
1901,一部有趣、轻松、不涉及政治的关于竞选生活的纪录片。,1
1902,让你心里打结，它的力量因其本身明显的震撼而被削弱。,0
1903,设计非常好，很容易理解。,0
1904,这种情况不可能像声称的那样持续那么久。,0
1905,烹制牛排或沙拉三明治时，我的手上不再沾油。,1
1906,一部阴暗、平淡、无聊的狼人电影，拒绝发展出任何活力层面。,0
1907,我建议用冰水来增添一点热带风味。,0
1908,毫无疑问这是今年最发人深省的电影。,1
1909,我也尝试过一种更便宜的品牌的防滑橡胶宽头。,0
1910,雷吉奥过度依赖他极力鄙视的数字技术，创作出一部漫无目的、表达不清、最终令人失望的电影。,0
1911,这些蜘蛛可以跑得比摩托车快，并在几秒钟内将人裹在粘稠的茧中，但它们并不有趣或具有娱乐性。,0
1912,演员阵容太低，没有一个角色显得突出...并且背景仍然不清晰。,0
1913,我 的 老 孙子 热爱 一切 与 建筑 有关 的 事物 .	,0
1914,艺术指导对叙事的胜利，但这是什么样的艺术指导啊！,1
1915,当特威迪谈到解雇他的股票经纪人和修复他的游泳池时，你渴望看到几台空中电视机或裸体追星族来活跃气氛。,0
1916,虽然在《星光熠熠》中不乏感人的时刻，但总体而言，这是一部沉闷、阴郁的纪录片，而本来应该是一个快乐或至少令人着迷的主题。,0
1917,该深刻的却很琐碎，该真诚的却很陈词滥调。,0
1918,这个游戏没有给你继续玩下去的动力。,0
1919,我非常重视这些评论，所以我想回馈它们。,1
1920,快；比搅拌机更好，而且易于使用。,1
1921,这是一部迷人的浪漫喜剧，是迄今为止最轻松的爱情电影，也是最令人愉快的电影之一。,1
1922,不幸的是，它们被夹在人们能想象到的最枯燥的卡罗生平记述之中。,0
1923,首先，令人惊讶的是它们有可拆卸的鞋底插入物。,0
1924,它一直开着，用完后我就拔掉插头。,1
1925,我爱它 ！,1
1926,但看到于佩尔，一位伟大的女演员，演绎这一里程碑式的角色，实在是令人着迷。,1
1927,没有动静，没有笑声，什么也没有。,0
1928,它们比老的更瘦，记忆力也更好。,0
1929,虽然它可以播放音乐，但是这并不是关于耳机最好的评价。,0
1930,剩余的贴纸贴在第二张膜上。,1
1931,"一篇 扣人心弦 , 放纵 且 自命不凡 的 游记 和 长篇大论 , 反对 ... 嗯 , 只是 些 东西 .	",0
1932,这是一部聪明、真诚、亲切的电影，只有在停顿下来进行直白的阐述以确保观众理解其形而上学观点时，它才会让人失望。,1
1933,故事以一场葬礼开始，以主人公的临终结束，中间的三个小时里并没有什么生动活泼的情节。,0
1934,如果你正在寻找喜剧，最好去别处看看。,0
1935,我比喜欢福尔曼的任何产品都更喜欢它。,1
1936,这为手机提供了非常好的保护。,1
1937,蒙奇的真知灼见使得影片偶尔的过度放纵变得可以原谅。,1
1938,新人确实有心。,1
1939,如果你有一个较旧的食品保管器，那么这是必须的。,1
1940,这是一部令人愉快的、愚蠢的翻拍版，改编自著名的意大利喜剧《麦当娜街上的大事》。,1
1941,这一大堆甜得令人作呕的胡言乱语，就连摩尔巴氏杀菌小曲的热切消费者也会像吃腐臭的奶油焦糖一样把它呕吐出来。,0
1942,"由于 缺乏 对立 观点 , 这部 影片 很快 就会 令人 厌倦 , 感觉 更像 是 庆功宴 上 的 一系列 祝酒 , 而 不是 一部 纪录片 .",0
1943,下下个星期五有和下个星期五同样的问题——它的名字是《当你需要克里斯塔克时他在哪儿？》,0
1944,现在嘲笑他们是毫无意义的。,0
1945,雷吉奥的迷幻、雄心勃勃的丧尸片有时也会让人觉得只不过是一则被美化的耐克广告。,0
1946,导演罗恩安德伍德究竟是如何花费 1 亿美元拍出这部电影的？,0
1947,这可能是我的手机问题，但自从我买了电池后这种情况就经常发生。,1
1948,格林格拉斯毫无疑问地奉献了一部风格上的杰作，并熟练地处理了声音和摄影等元素。,1
1949,它可存放在非常小的地方，并且经久耐用。,1
1950,如果你碰巧将它们中的一个碰到另一个，它们还会发出声音。,0
1951,也许 num_extend 岁的女孩可以穿它。,0
1952,它很容易清洁，但说实话我很少清洁它。,1
1953,这部演技精湛但节奏缓慢的惊悚片，大部分内容都像是一个更大、更复杂故事的序言，而这个故事永远也不会实现。,0
1954,浪费金钱，浪费时间，浪费精力。,0
1955,可爱、有趣、温馨的数字动画故事片，为孩子们提供了大量的闹剧幽默，为成年人提供了许多圈内笑话，为每个人带来了温暖。,1
1956,... 看这部电影几乎激起我的自杀念头。,0
1957,所以我猜这其实是一个偏好的问题。,0
1958,-lrb- 施魏格 -rrb- 才华横溢、魅力非凡，这些品质对于电影明星和社会无政府主义者来说都是必不可少的。,1
1959,甚至连汉森兄弟也救不了它,0
1960,我的错误就是没有对这个品牌进行更多的研究。,0
1961,只需花几块钱，你自己就能做出更好的东西。,0
1962,一群才华横溢的梦幻女性演员，组成了一支天衣无缝的团队。,1
1963,有谁能数到五 -lrb- 这部电影的目标市场？-rrb-,0
1964,当 -lrb- 德帕尔马 (de palma) 的 -rrb- 不好时，他真的很糟糕，而蛇蝎美人 (femme fatale) 是他做过的最糟糕的事情之一。,0
1965,非常坚固，有多种齿尺寸可供选择。,1
1966,太过胆怯，不敢给二十世纪不光彩的一章带来结束感。,0
1967,我真不敢相信我没有早点买这些。,1
1968,即使经过多次摇晃，我仍能感觉到一些谷物。,0
1969,说明书通过 motorola num_extend 发出，非常清楚。,1
1970,biggie 和 tupac 的举动如此专一大胆，让更为精致的纪录片黯然失色。,1
1971,"富有 思想性 , 启发 性 和 娱乐 性 .	",1
1972,另外，不要用那块黄布来清洁你的手机。,1
1973,塑料非常硬，玩起来一点也不好玩。,0
1974,每把勺子上都印有英制和公制测量单位。,1
1975,这部电影最大的缺点就是完全缺乏悬念。,0
1976,给所有人带来很多乐趣。,1
1977,里面还有其他蔬菜，但是你真的尝不出它们的味道。,0
1978,对于所有想重回童年或想向自己的孩子展示这部电影的人来说，1982 年你所喜爱的一切依然存在。,1
1979,节省清洁和铝箔的使用。,1
1980,滚轮的感觉很好，而且我喜欢侧面滚动功能。,0
1981,"所有 的 表演 都是 顶级 的 , 而 一旦你 掌握 了 口音 , 一切 或 一切 都会 变成 情感 的 , 尽管 仍然 是 积极 的 , 让人 坐下来 很难 受 .	",1
1982,关于单口喜剧演员的数字视频纪录片让我们看到了一个截然不同的世界。,1
1983,"这 是 一个 令人 赞叹不已 的 旋律 , 让 你 意犹未尽 .	",1
1984,我已经报告过此事，但没有听到任何消息。,0
1985,这款游戏并没有什么独特之处，画面也不值得赞叹。,0
1986,整个过程就像身穿羊毛潜水衣的花样游泳运动员一样，让人感觉昏昏欲睡。,0
1987,这部剧不像是一部成长爱情片，倒更像是一部电视购物片。,0
1988,我不知道如果没有这个方便的装置我该怎么办。,1
1989,这个砂锅尺寸合适，而且我喜欢它漂亮的盖子。,1
1990,"虽然 不是 每个 人 都 喜欢 , 但是 对于 那些 能 与 它 产生 共鸣 的 人 来说 , 它 是 一种 与 标准 电影 票价 不同 的 精彩 之 作 .	",1
1991,吸取罗伯特·路易斯·史蒂文森的《金银岛》中所有“经典”元素，用科幻视频游戏图形和迪士尼化的青少年焦虑填补空白……,0
1992,一个冗长而可预见的场景。,0
1993,我的前院和后院的柱子上悬挂着 num_num 个喂鸟器。,0
1994,对于这一奇妙的创新，没有什么不好的评价。,1
1995,一部富有想象力的喜剧/惊悚片。,1
1996,对美国恐怖文化中的偏执和不安全感的一次精明探索。,1
1997,另一方面，对于电力光栅，你在这里得到了一些东西。,1
1998,就像狄更斯的小说一样，麦格拉斯在其小说的戏剧化改编中创造了许多感人的场景。,1
1999,那些跟随哈内克进行恐怖探索的观众……将会看到于佩尔和马吉梅尔残酷而执着的表演。,1
